store_id,forecast_units,actual_units,total_margin,forecast_error,abs_error
1,155.4512195710716,132,4219.67808453886,-23.45121957107159,23.45121957107159
2,147.0612572625575,128,4379.316935992173,-19.06125726255749,19.06125726255749
3,239.50841571597937,214,7581.009241298437,-25.508415715979368,25.508415715979368
4,261.5693699216933,231,7396.466864320376,-30.569369921693294,30.569369921693294
5,237.06632095230603,258,8608.77498224367,20.93367904769397,20.93367904769397
6,210.38705277312516,233,7911.951681832584,22.612947226874837,22.612947226874837
7,240.56528912846838,262,8134.499305464825,21.43471087153162,21.43471087153162
8,199.42738273126687,223,7667.770080583613,23.572617268733126,23.572617268733126
