department,forecast_units,actual_units,forecast_error
Automotive,444.998004858789,427,-17.99800485878899
Home,415.5011629390905,433,17.498837060909523
Outdoor Living,269.2652554840557,248,-21.265255484055672
Tools,561.2718847745331,573,11.728115225466922
