region,forecast_units,actual_units,forecast_error,abs_error
Atlantic,43307.076324534944,43372,64.92367546505557,64.92367546505557
BC,62851.831766457326,63044,192.168233542674,192.168233542674
Ontario,91874.58886136861,91587,-287.5888613686111,287.5888613686111
Prairies,86069.77154782314,85576,-493.7715478231403,493.7715478231403
Quebec,35907.542166319814,36043,135.457833680186,135.457833680186
