department,forecast_units,actual_units,forecast_error,abs_error
Automotive,43233.4857269198,43179,-54.485726919796434,54.485726919796434
Home,62998.42514996915,62937,-61.4251499691527,61.4251499691527
Outdoor Living,66791.03689569587,66269,-522.03689569587,522.03689569587
Seasonal,110079.66800028387,110263,183.33199971613067,183.33199971613067
Tools,36908.19489363515,36974,65.80510636485269,65.80510636485269
