feature,ks_stat,p_value,drift
price_log,0.002614197140326402,0.9998384213866575,0
lag_7,0.012515078662111434,0.010615880283536359,1
rolling_mean_28,0.019718250453414354,4.533244956014451e-06,1
assortment_health_ratio,0.060595554430806886,9.818204481279468e-54,1
sales_per_sqft_28d,0.08556834957189252,8.34916387145772e-107,1
