metric,value
promo_lift,0.30182072829131656
promo_margin_lift,0.27784392132739943
