store_id,avg_assortment_size,avg_active_skus_28d,avg_units_28d,avg_assortment_health_ratio
1,12.0,12.0,10.531512605042016,1.0
2,12.0,12.0,10.275210084033613,1.0
3,12.0,12.0,16.649159663865547,1.0
4,12.0,12.0,18.14075630252101,1.0
5,12.0,12.0,16.378151260504204,1.0
6,12.0,12.0,14.777310924369749,1.0
7,12.0,12.0,16.871848739495796,1.0
8,12.0,12.0,14.023109243697478,1.0
