model_name,mae,rmse,wmape,bias,r2
elasticnet,0.9072600089711228,1.1647861153801244,0.7253762356080838,0.0074674911134436014,0.044568305787102025
mlp,0.9347723126411438,1.199160596201688,0.7473730031558263,0.041629349580034614,-0.012656092643737793
entity_embedding_nn,0.9552884697914124,1.222170212149609,0.7637761682094668,0.024214991933799217,-0.05189085006713867
