store_id,region,store_format,traffic_index,site_score
1,Atlantic,Urban,0.789679542872882,1.0382093509110843
2,Prairies,Urban,1.015270156526897,0.6946720792729227
3,Prairies,Suburban,0.9595586169628068,1.2293418203948074
4,Ontario,Rural,1.3487354921940211,1.0921650793854454
5,Ontario,Rural,1.150705584056465,1.1806614180597617
6,BC,Rural,1.275933129289581,0.8981681776909078
7,Atlantic,Rural,1.0103899391791318,1.3294886170764324
8,Prairies,Rural,0.8590671052493437,1.2751847849255384
