feature,ks_stat,p_value,drift,sample_note
lag_7,0.029265873015873016,0.9836991551251968,0,
lag_28,0.020089285714285716,0.9999565663701279,0,
rolling_mean_28,0.046130952380952384,0.6764991374314984,0,
assortment_health_ratio,0.0,1.0,0,
