date,store_id,region,sku_id,product_name,department,category,brand,stock_on_hand,stock_on_order,reorder_point,days_of_supply_est,recommended_action,priority,human_review_required,source_type,claim_boundary
2026-05-25,ST001,West,SKU00136,Beverages Product 00136,Grocery,Beverages,Brand_12,5,3,3,35.0,Maintain,Normal,0,synthetic,Recommendation requires real constraints and human approval before operational use.
2026-05-25,ST001,West,SKU00098,Personal Care Product 00098,Health_Beauty,Personal Care,Brand_20,2,11,10,2.2,Reorder,Medium,1,synthetic,Recommendation requires real constraints and human approval before operational use.
2026-05-25,ST001,West,SKU00034,Pantry Product 00034,Grocery,Pantry,Brand_13,15,52,48,6.5,Reorder,Medium,1,synthetic,Recommendation requires real constraints and human approval before operational use.
2026-05-25,ST001,West,SKU00035,Cleaning Product 00035,Household,Cleaning,Brand_22,59,65,57,17.8,Maintain,Normal,0,synthetic,Recommendation requires real constraints and human approval before operational use.
2026-05-25,ST001,West,SKU00030,Garden Product 00030,Seasonal,Garden,Brand_22,25,6,24,20.0,Maintain,Normal,0,synthetic,Recommendation requires real constraints and human approval before operational use.
2026-05-25,ST001,West,SKU00144,Oral Care Product 00144,Health_Beauty,Oral Care,Brand_09,9,1,3,63.0,Reduce / Review,Low,0,synthetic,Recommendation requires real constraints and human approval before operational use.
2026-05-25,ST001,West,SKU00096,Paper Goods Product 00096,Household,Paper Goods,Brand_06,22,4,7,51.3,Reduce / Review,Low,0,synthetic,Recommendation requires real constraints and human approval before operational use.
2026-05-25,ST001,West,SKU00031,Beverages Product 00031,Grocery,Beverages,Brand_09,29,1,18,31.2,Maintain,Normal,0,synthetic,Recommendation requires real constraints and human approval before operational use.
2026-05-25,ST001,West,SKU00116,Accessories Product 00116,Electronics,Accessories,Brand_19,2,1,3,6.2,Maintain,Normal,0,synthetic,Recommendation requires real constraints and human approval before operational use.
2026-05-25,ST001,West,SKU00043,Outdoor Product 00043,Seasonal,Outdoor,Brand_21,21,22,22,20.3,Maintain,Normal,0,synthetic,Recommendation requires real constraints and human approval before operational use.
2026-05-25,ST001,West,SKU00023,Personal Care Product 00023,Health_Beauty,Personal Care,Brand_12,7,14,15,5.2,Reorder,Medium,1,synthetic,Recommendation requires real constraints and human approval before operational use.
2026-05-25,ST001,West,SKU00099,Oral Care Product 00099,Health_Beauty,Oral Care,Brand_03,3,3,12,4.4,Reorder,Medium,1,synthetic,Recommendation requires real constraints and human approval before operational use.
2026-05-25,ST001,West,SKU00004,Pantry Product 00004,Grocery,Pantry,Brand_20,9,3,3,63.0,Reduce / Review,Low,0,synthetic,Recommendation requires real constraints and human approval before operational use.
2026-05-25,ST001,West,SKU00061,Beverages Product 00061,Grocery,Beverages,Brand_10,37,3,18,25.3,Maintain,Normal,0,synthetic,Recommendation requires real constraints and human approval before operational use.
2026-05-25,ST001,West,SKU00092,Snacks Product 00092,Grocery,Snacks,Brand_01,5,0,3,11.7,Maintain,Normal,0,synthetic,Recommendation requires real constraints and human approval before operational use.
2026-05-25,ST001,West,SKU00146,Accessories Product 00146,Electronics,Accessories,Brand_19,6,2,4,15.3,Maintain,Normal,0,synthetic,Recommendation requires real constraints and human approval before operational use.
2026-05-25,ST001,West,SKU00056,Accessories Product 00056,Electronics,Accessories,Brand_24,39,12,12,57.5,Reduce / Review,Low,0,synthetic,Recommendation requires real constraints and human approval before operational use.
2026-05-25,ST001,West,SKU00006,Paper Goods Product 00006,Household,Paper Goods,Brand_08,34,11,30,21.2,Maintain,Normal,0,synthetic,Recommendation requires real constraints and human approval before operational use.
2026-05-25,ST001,West,SKU00053,Personal Care Product 00053,Health_Beauty,Personal Care,Brand_12,25,6,14,30.4,Maintain,Normal,0,synthetic,Recommendation requires real constraints and human approval before operational use.
2026-05-25,ST001,West,SKU00078,Dairy Product 00078,Grocery,Dairy,Brand_06,9,3,5,36.0,Maintain,Normal,0,synthetic,Recommendation requires real constraints and human approval before operational use.
2026-05-25,ST001,West,SKU00047,Snacks Product 00047,Grocery,Snacks,Brand_16,8,1,3,37.3,Maintain,Normal,0,synthetic,Recommendation requires real constraints and human approval before operational use.
2026-05-25,ST001,West,SKU00091,Beverages Product 00091,Grocery,Beverages,Brand_18,27,44,39,11.0,Reorder,Medium,1,synthetic,Recommendation requires real constraints and human approval before operational use.
2026-05-25,ST001,West,SKU00011,Accessories Product 00011,Electronics,Accessories,Brand_05,22,10,9,44.0,Maintain,Normal,0,synthetic,Recommendation requires real constraints and human approval before operational use.
2026-05-25,ST001,West,SKU00147,Small Devices Product 00147,Electronics,Small Devices,Brand_26,20,18,23,8.2,Maintain,Normal,0,synthetic,Recommendation requires real constraints and human approval before operational use.
2026-05-25,ST001,West,SKU00045,Garden Product 00045,Seasonal,Garden,Brand_11,5,2,3,20.0,Maintain,Normal,0,synthetic,Recommendation requires real constraints and human approval before operational use.
2026-05-25,ST001,West,SKU00038,Personal Care Product 00038,Health_Beauty,Personal Care,Brand_18,1,1,3,4.0,Maintain,Normal,0,synthetic,Recommendation requires real constraints and human approval before operational use.
2026-05-25,ST001,West,SKU00050,Cleaning Product 00050,Household,Cleaning,Brand_03,28,2,16,30.2,Maintain,Normal,0,synthetic,Recommendation requires real constraints and human approval before operational use.
2026-05-25,ST001,West,SKU00033,Dairy Product 00033,Grocery,Dairy,Brand_10,1,3,6,1.5,Maintain,Normal,0,synthetic,Recommendation requires real constraints and human approval before operational use.
2026-05-25,ST001,West,SKU00119,Holiday Product 00119,Seasonal,Holiday,Brand_15,11,3,6,34.2,Maintain,Normal,0,synthetic,Recommendation requires real constraints and human approval before operational use.
2026-05-25,ST001,West,SKU00133,Outdoor Product 00133,Seasonal,Outdoor,Brand_20,52,8,23,45.5,Reduce / Review,Low,0,synthetic,Recommendation requires real constraints and human approval before operational use.
2026-05-25,ST001,West,SKU00089,Holiday Product 00089,Seasonal,Holiday,Brand_10,7,9,10,8.2,Maintain,Normal,0,synthetic,Recommendation requires real constraints and human approval before operational use.
2026-05-25,ST001,West,SKU00145,Skin Care Product 00145,Health_Beauty,Skin Care,Brand_07,10,1,3,46.7,Reduce / Review,Low,0,synthetic,Recommendation requires real constraints and human approval before operational use.
2026-05-25,ST001,West,SKU00025,Skin Care Product 00025,Health_Beauty,Skin Care,Brand_21,27,6,11,58.2,Reduce / Review,Low,0,synthetic,Recommendation requires real constraints and human approval before operational use.
2026-05-25,ST001,West,SKU00052,Laundry Product 00052,Household,Laundry,Brand_22,10,2,5,40.0,Maintain,Normal,0,synthetic,Recommendation requires real constraints and human approval before operational use.
2026-05-25,ST001,West,SKU00041,Accessories Product 00041,Electronics,Accessories,Brand_01,10,5,4,40.0,Maintain,Normal,0,synthetic,Recommendation requires real constraints and human approval before operational use.
2026-05-25,ST001,West,SKU00073,Outdoor Product 00073,Seasonal,Outdoor,Brand_20,5,1,8,11.7,Maintain,Normal,0,synthetic,Recommendation requires real constraints and human approval before operational use.
2026-05-25,ST001,West,SKU00039,Oral Care Product 00039,Health_Beauty,Oral Care,Brand_15,21,7,8,42.0,Maintain,Normal,0,synthetic,Recommendation requires real constraints and human approval before operational use.
2026-05-25,ST001,West,SKU00148,Outdoor Product 00148,Seasonal,Outdoor,Brand_27,25,26,28,12.3,Maintain,Normal,0,synthetic,Recommendation requires real constraints and human approval before operational use.
2026-05-25,ST001,West,SKU00022,Laundry Product 00022,Household,Laundry,Brand_13,7,3,3,39.2,Maintain,Normal,0,synthetic,Recommendation requires real constraints and human approval before operational use.
2026-05-25,ST001,West,SKU00048,Dairy Product 00048,Grocery,Dairy,Brand_10,65,18,20,65.0,Reduce / Review,Low,0,synthetic,Recommendation requires real constraints and human approval before operational use.
2026-05-25,ST001,West,SKU00142,Laundry Product 00142,Household,Laundry,Brand_09,25,10,13,36.8,Maintain,Normal,0,synthetic,Recommendation requires real constraints and human approval before operational use.
2026-05-25,ST001,West,SKU00082,Laundry Product 00082,Household,Laundry,Brand_16,39,3,16,43.7,Maintain,Normal,0,synthetic,Recommendation requires real constraints and human approval before operational use.
2026-05-25,ST001,West,SKU00090,Garden Product 00090,Seasonal,Garden,Brand_27,40,2,13,62.2,Reduce / Review,Low,0,synthetic,Recommendation requires real constraints and human approval before operational use.
2026-05-25,ST001,West,SKU00131,Accessories Product 00131,Electronics,Accessories,Brand_05,9,5,4,16.8,Maintain,Normal,0,synthetic,Recommendation requires real constraints and human approval before operational use.
2026-05-25,ST001,West,SKU00037,Laundry Product 00037,Household,Laundry,Brand_06,7,6,8,12.2,Maintain,Normal,0,synthetic,Recommendation requires real constraints and human approval before operational use.
2026-05-25,ST001,West,SKU00085,Skin Care Product 00085,Health_Beauty,Skin Care,Brand_21,26,3,12,45.5,Reduce / Review,Low,0,synthetic,Recommendation requires real constraints and human approval before operational use.
2026-05-25,ST001,West,SKU00138,Dairy Product 00138,Grocery,Dairy,Brand_09,118,3,54,45.3,Reduce / Review,Low,0,synthetic,Recommendation requires real constraints and human approval before operational use.
2026-05-25,ST001,West,SKU00026,Accessories Product 00026,Electronics,Accessories,Brand_16,45,20,20,39.4,Maintain,Normal,0,synthetic,Recommendation requires real constraints and human approval before operational use.
2026-05-25,ST001,West,SKU00055,Skin Care Product 00055,Health_Beauty,Skin Care,Brand_03,4,2,5,6.6,Maintain,Normal,0,synthetic,Recommendation requires real constraints and human approval before operational use.
2026-05-25,ST001,West,SKU00080,Cleaning Product 00080,Household,Cleaning,Brand_11,31,20,27,21.7,Maintain,Normal,0,synthetic,Recommendation requires real constraints and human approval before operational use.
2026-05-25,ST001,West,SKU00012,Small Devices Product 00012,Electronics,Small Devices,Brand_15,9,4,5,28.0,Maintain,Normal,0,synthetic,Recommendation requires real constraints and human approval before operational use.
2026-05-25,ST001,West,SKU00125,Cleaning Product 00125,Household,Cleaning,Brand_22,5,1,6,8.8,Maintain,Normal,0,synthetic,Recommendation requires real constraints and human approval before operational use.
2026-05-25,ST001,West,SKU00134,Holiday Product 00134,Seasonal,Holiday,Brand_11,21,9,8,58.8,Reduce / Review,Low,0,synthetic,Recommendation requires real constraints and human approval before operational use.
2026-05-25,ST001,West,SKU00143,Personal Care Product 00143,Health_Beauty,Personal Care,Brand_15,7,4,5,19.6,Maintain,Normal,0,synthetic,Recommendation requires real constraints and human approval before operational use.
2026-05-25,ST001,West,SKU00042,Small Devices Product 00042,Electronics,Small Devices,Brand_23,117,42,56,43.7,Maintain,Normal,0,synthetic,Recommendation requires real constraints and human approval before operational use.
2026-05-25,ST001,West,SKU00007,Laundry Product 00007,Household,Laundry,Brand_16,11,2,8,16.2,Maintain,Normal,0,synthetic,Recommendation requires real constraints and human approval before operational use.
2026-05-25,ST001,West,SKU00002,Snacks Product 00002,Grocery,Snacks,Brand_09,34,32,32,10.9,Maintain,Normal,0,synthetic,Recommendation requires real constraints and human approval before operational use.
2026-05-25,ST001,West,SKU00101,Accessories Product 00101,Electronics,Accessories,Brand_14,1,0,3,7.0,Maintain,Normal,0,synthetic,Recommendation requires real constraints and human approval before operational use.
2026-05-25,ST001,West,SKU00121,Beverages Product 00121,Grocery,Beverages,Brand_05,9,6,5,42.0,Maintain,Normal,0,synthetic,Recommendation requires real constraints and human approval before operational use.
2026-05-25,ST001,West,SKU00029,Holiday Product 00029,Seasonal,Holiday,Brand_18,1,3,3,7.0,Maintain,Normal,0,synthetic,Recommendation requires real constraints and human approval before operational use.
2026-05-25,ST001,West,SKU00075,Garden Product 00075,Seasonal,Garden,Brand_14,74,14,23,66.8,Reduce / Review,Low,0,synthetic,Recommendation requires real constraints and human approval before operational use.
2026-05-25,ST001,West,SKU00036,Paper Goods Product 00036,Household,Paper Goods,Brand_25,1,6,8,2.5,Reorder,Medium,1,synthetic,Recommendation requires real constraints and human approval before operational use.
2026-05-25,ST001,West,SKU00024,Oral Care Product 00024,Health_Beauty,Oral Care,Brand_10,21,17,17,14.7,Maintain,Normal,0,synthetic,Recommendation requires real constraints and human approval before operational use.
2026-05-25,ST001,West,SKU00149,Holiday Product 00149,Seasonal,Holiday,Brand_24,11,0,4,51.3,Reduce / Review,Low,0,synthetic,Recommendation requires real constraints and human approval before operational use.
2026-05-25,ST001,West,SKU00129,Oral Care Product 00129,Health_Beauty,Oral Care,Brand_21,5,0,3,46.7,Reduce / Review,Low,0,synthetic,Recommendation requires real constraints and human approval before operational use.
2026-05-25,ST001,West,SKU00150,Garden Product 00150,Seasonal,Garden,Brand_19,6,5,4,15.3,Maintain,Normal,0,synthetic,Recommendation requires real constraints and human approval before operational use.
2026-05-25,ST001,West,SKU00120,Garden Product 00120,Seasonal,Garden,Brand_08,89,6,36,49.8,Reduce / Review,Low,0,synthetic,Recommendation requires real constraints and human approval before operational use.
2026-05-25,ST001,West,SKU00040,Skin Care Product 00040,Health_Beauty,Skin Care,Brand_13,20,0,9,29.5,Maintain,Normal,0,synthetic,Recommendation requires real constraints and human approval before operational use.
2026-05-25,ST001,West,SKU00058,Outdoor Product 00058,Seasonal,Outdoor,Brand_18,26,5,17,20.8,Maintain,Normal,0,synthetic,Recommendation requires real constraints and human approval before operational use.
2026-05-25,ST001,West,SKU00014,Holiday Product 00014,Seasonal,Holiday,Brand_06,21,12,12,26.7,Maintain,Normal,0,synthetic,Recommendation requires real constraints and human approval before operational use.
2026-05-25,ST001,West,SKU00135,Garden Product 00135,Seasonal,Garden,Brand_04,24,4,8,56.0,Reduce / Review,Low,0,synthetic,Recommendation requires real constraints and human approval before operational use.
2026-05-25,ST001,West,SKU00112,Laundry Product 00112,Household,Laundry,Brand_18,13,1,6,36.4,Maintain,Normal,0,synthetic,Recommendation requires real constraints and human approval before operational use.
2026-05-25,ST001,West,SKU00001,Beverages Product 00001,Grocery,Beverages,Brand_12,43,18,18,23.2,Maintain,Normal,0,synthetic,Recommendation requires real constraints and human approval before operational use.
2026-05-25,ST001,West,SKU00084,Oral Care Product 00084,Health_Beauty,Oral Care,Brand_02,24,11,11,42.0,Maintain,Normal,0,synthetic,Recommendation requires real constraints and human approval before operational use.
2026-05-25,ST001,West,SKU00067,Laundry Product 00067,Household,Laundry,Brand_19,38,3,12,70.9,Reduce / Review,Low,0,synthetic,Recommendation requires real constraints and human approval before operational use.
2026-05-25,ST002,Prairie,SKU00120,Garden Product 00120,Seasonal,Garden,Brand_08,69,20,38,40.2,Maintain,Normal,0,synthetic,Recommendation requires real constraints and human approval before operational use.
2026-05-25,ST002,Prairie,SKU00022,Laundry Product 00022,Household,Laundry,Brand_13,6,3,3,33.6,Maintain,Normal,0,synthetic,Recommendation requires real constraints and human approval before operational use.
2026-05-25,ST002,Prairie,SKU00112,Laundry Product 00112,Household,Laundry,Brand_18,19,1,7,59.1,Reduce / Review,Low,0,synthetic,Recommendation requires real constraints and human approval before operational use.
2026-05-25,ST002,Prairie,SKU00062,Snacks Product 00062,Grocery,Snacks,Brand_16,24,3,12,44.8,Maintain,Normal,0,synthetic,Recommendation requires real constraints and human approval before operational use.
2026-05-25,ST002,Prairie,SKU00016,Beverages Product 00016,Grocery,Beverages,Brand_07,3,1,3,30.0,Maintain,Normal,0,synthetic,Recommendation requires real constraints and human approval before operational use.
2026-05-25,ST002,Prairie,SKU00035,Cleaning Product 00035,Household,Cleaning,Brand_22,49,6,23,29.8,Maintain,Normal,0,synthetic,Recommendation requires real constraints and human approval before operational use.
2026-05-25,ST002,Prairie,SKU00073,Outdoor Product 00073,Seasonal,Outdoor,Brand_20,11,5,7,30.8,Maintain,Normal,0,synthetic,Recommendation requires real constraints and human approval before operational use.
2026-05-25,ST002,Prairie,SKU00070,Skin Care Product 00070,Health_Beauty,Skin Care,Brand_05,25,14,13,43.8,Maintain,Normal,0,synthetic,Recommendation requires real constraints and human approval before operational use.
2026-05-25,ST002,Prairie,SKU00146,Accessories Product 00146,Electronics,Accessories,Brand_19,0,2,3,0.0,Urgent Reorder,High,1,synthetic,Recommendation requires real constraints and human approval before operational use.
2026-05-25,ST002,Prairie,SKU00072,Small Devices Product 00072,Electronics,Small Devices,Brand_20,18,1,29,11.2,Reorder,Medium,1,synthetic,Recommendation requires real constraints and human approval before operational use.
2026-05-25,ST002,Prairie,SKU00067,Laundry Product 00067,Household,Laundry,Brand_19,32,3,13,52.7,Reduce / Review,Low,0,synthetic,Recommendation requires real constraints and human approval before operational use.
2026-05-25,ST002,Prairie,SKU00018,Dairy Product 00018,Grocery,Dairy,Brand_25,7,3,4,32.7,Maintain,Normal,0,synthetic,Recommendation requires real constraints and human approval before operational use.
2026-05-25,ST002,Prairie,SKU00065,Cleaning Product 00065,Household,Cleaning,Brand_22,63,31,27,38.3,Maintain,Normal,0,synthetic,Recommendation requires real constraints and human approval before operational use.
2026-05-25,ST002,Prairie,SKU00059,Holiday Product 00059,Seasonal,Holiday,Brand_26,6,2,5,18.7,Maintain,Normal,0,synthetic,Recommendation requires real constraints and human approval before operational use.
2026-05-25,ST002,Prairie,SKU00077,Snacks Product 00077,Grocery,Snacks,Brand_20,18,6,7,50.4,Reduce / Review,Low,0,synthetic,Recommendation requires real constraints and human approval before operational use.
2026-05-25,ST002,Prairie,SKU00058,Outdoor Product 00058,Seasonal,Outdoor,Brand_18,55,1,22,39.5,Maintain,Normal,0,synthetic,Recommendation requires real constraints and human approval before operational use.
2026-05-25,ST002,Prairie,SKU00085,Skin Care Product 00085,Health_Beauty,Skin Care,Brand_21,20,1,7,50.9,Reduce / Review,Low,0,synthetic,Recommendation requires real constraints and human approval before operational use.
2026-05-25,ST002,Prairie,SKU00129,Oral Care Product 00129,Health_Beauty,Oral Care,Brand_21,4,0,3,40.0,Maintain,Normal,0,synthetic,Recommendation requires real constraints and human approval before operational use.
2026-05-25,ST002,Prairie,SKU00021,Paper Goods Product 00021,Household,Paper Goods,Brand_13,107,35,52,44.1,Maintain,Normal,0,synthetic,Recommendation requires real constraints and human approval before operational use.
2026-05-25,ST002,Prairie,SKU00029,Holiday Product 00029,Seasonal,Holiday,Brand_18,10,3,3,56.0,Reduce / Review,Low,0,synthetic,Recommendation requires real constraints and human approval before operational use.
2026-05-25,ST002,Prairie,SKU00144,Oral Care Product 00144,Health_Beauty,Oral Care,Brand_09,11,1,12,18.1,Maintain,Normal,0,synthetic,Recommendation requires real constraints and human approval before operational use.
2026-05-25,ST002,Prairie,SKU00025,Skin Care Product 00025,Health_Beauty,Skin Care,Brand_21,17,2,6,47.6,Reduce / Review,Low,0,synthetic,Recommendation requires real constraints and human approval before operational use.
2026-05-25,ST002,Prairie,SKU00044,Holiday Product 00044,Seasonal,Holiday,Brand_26,12,13,13,12.4,Maintain,Normal,0,synthetic,Recommendation requires real constraints and human approval before operational use.
2026-05-25,ST002,Prairie,SKU00106,Beverages Product 00106,Grocery,Beverages,Brand_25,8,3,4,32.0,Maintain,Normal,0,synthetic,Recommendation requires real constraints and human approval before operational use.
2026-05-25,ST002,Prairie,SKU00061,Beverages Product 00061,Grocery,Beverages,Brand_10,21,1,29,13.1,Reorder,Medium,1,synthetic,Recommendation requires real constraints and human approval before operational use.
2026-05-25,ST002,Prairie,SKU00007,Laundry Product 00007,Household,Laundry,Brand_16,16,5,7,29.9,Maintain,Normal,0,synthetic,Recommendation requires real constraints and human approval before operational use.
2026-05-25,ST002,Prairie,SKU00063,Dairy Product 00063,Grocery,Dairy,Brand_26,24,6,9,51.7,Reduce / Review,Low,0,synthetic,Recommendation requires real constraints and human approval before operational use.
2026-05-25,ST002,Prairie,SKU00128,Personal Care Product 00128,Health_Beauty,Personal Care,Brand_08,28,22,21,23.1,Maintain,Normal,0,synthetic,Recommendation requires real constraints and human approval before operational use.
2026-05-25,ST002,Prairie,SKU00008,Personal Care Product 00008,Health_Beauty,Personal Care,Brand_02,87,23,32,34.3,Maintain,Normal,0,synthetic,Recommendation requires real constraints and human approval before operational use.
2026-05-25,ST002,Prairie,SKU00121,Beverages Product 00121,Grocery,Beverages,Brand_05,7,8,16,9.3,Reorder,Medium,1,synthetic,Recommendation requires real constraints and human approval before operational use.
2026-05-25,ST002,Prairie,SKU00037,Laundry Product 00037,Household,Laundry,Brand_06,2,2,4,8.0,Maintain,Normal,0,synthetic,Recommendation requires real constraints and human approval before operational use.
2026-05-25,ST002,Prairie,SKU00107,Snacks Product 00107,Grocery,Snacks,Brand_03,22,9,8,36.2,Maintain,Normal,0,synthetic,Recommendation requires real constraints and human approval before operational use.
2026-05-25,ST002,Prairie,SKU00033,Dairy Product 00033,Grocery,Dairy,Brand_10,17,3,13,15.9,Maintain,Normal,0,synthetic,Recommendation requires real constraints and human approval before operational use.
2026-05-25,ST002,Prairie,SKU00097,Laundry Product 00097,Household,Laundry,Brand_15,20,3,6,62.2,Reduce / Review,Low,0,synthetic,Recommendation requires real constraints and human approval before operational use.
2026-05-25,ST002,Prairie,SKU00024,Oral Care Product 00024,Health_Beauty,Oral Care,Brand_10,39,11,19,25.4,Maintain,Normal,0,synthetic,Recommendation requires real constraints and human approval before operational use.
2026-05-25,ST002,Prairie,SKU00115,Skin Care Product 00115,Health_Beauty,Skin Care,Brand_17,13,6,6,24.3,Maintain,Normal,0,synthetic,Recommendation requires real constraints and human approval before operational use.
2026-05-25,ST002,Prairie,SKU00005,Cleaning Product 00005,Household,Cleaning,Brand_06,22,9,9,28.0,Maintain,Normal,0,synthetic,Recommendation requires real constraints and human approval before operational use.
2026-05-25,ST002,Prairie,SKU00011,Accessories Product 00011,Electronics,Accessories,Brand_05,5,1,8,14.0,Maintain,Normal,0,synthetic,Recommendation requires real constraints and human approval before operational use.
2026-05-25,ST002,Prairie,SKU00140,Cleaning Product 00140,Household,Cleaning,Brand_05,2,9,15,2.8,Reorder,Medium,1,synthetic,Recommendation requires real constraints and human approval before operational use.
2026-05-25,ST002,Prairie,SKU00094,Pantry Product 00094,Grocery,Pantry,Brand_20,26,3,12,33.1,Maintain,Normal,0,synthetic,Recommendation requires real constraints and human approval before operational use.
2026-05-25,ST002,Prairie,SKU00040,Skin Care Product 00040,Health_Beauty,Skin Care,Brand_13,12,7,12,15.3,Maintain,Normal,0,synthetic,Recommendation requires real constraints and human approval before operational use.
2026-05-25,ST002,Prairie,SKU00032,Snacks Product 00032,Grocery,Snacks,Brand_12,44,1,13,53.6,Reduce / Review,Low,0,synthetic,Recommendation requires real constraints and human approval before operational use.
2026-05-25,ST002,Prairie,SKU00031,Beverages Product 00031,Grocery,Beverages,Brand_09,14,26,23,11.9,Reorder,Medium,1,synthetic,Recommendation requires real constraints and human approval before operational use.
2026-05-25,ST002,Prairie,SKU00003,Dairy Product 00003,Grocery,Dairy,Brand_09,16,4,6,37.3,Maintain,Normal,0,synthetic,Recommendation requires real constraints and human approval before operational use.
2026-05-25,ST002,Prairie,SKU00012,Small Devices Product 00012,Electronics,Small Devices,Brand_15,18,2,6,63.0,Reduce / Review,Low,0,synthetic,Recommendation requires real constraints and human approval before operational use.
2026-05-25,ST002,Prairie,SKU00060,Garden Product 00060,Seasonal,Garden,Brand_05,9,10,9,22.9,Maintain,Normal,0,synthetic,Recommendation requires real constraints and human approval before operational use.
2026-05-25,ST002,Prairie,SKU00004,Pantry Product 00004,Grocery,Pantry,Brand_20,15,0,5,52.5,Reduce / Review,Low,0,synthetic,Recommendation requires real constraints and human approval before operational use.
2026-05-25,ST002,Prairie,SKU00083,Personal Care Product 00083,Health_Beauty,Personal Care,Brand_06,4,3,7,10.2,Maintain,Normal,0,synthetic,Recommendation requires real constraints and human approval before operational use.
2026-05-25,ST002,Prairie,SKU00145,Skin Care Product 00145,Health_Beauty,Skin Care,Brand_07,2,1,3,11.2,Maintain,Normal,0,synthetic,Recommendation requires real constraints and human approval before operational use.
2026-05-25,ST002,Prairie,SKU00046,Beverages Product 00046,Grocery,Beverages,Brand_15,7,7,8,16.3,Maintain,Normal,0,synthetic,Recommendation requires real constraints and human approval before operational use.
2026-05-25,ST002,Prairie,SKU00009,Oral Care Product 00009,Health_Beauty,Oral Care,Brand_09,12,4,8,25.8,Maintain,Normal,0,synthetic,Recommendation requires real constraints and human approval before operational use.
2026-05-25,ST002,Prairie,SKU00147,Small Devices Product 00147,Electronics,Small Devices,Brand_26,69,11,20,39.4,Maintain,Normal,0,synthetic,Recommendation requires real constraints and human approval before operational use.
2026-05-25,ST002,Prairie,SKU00055,Skin Care Product 00055,Health_Beauty,Skin Care,Brand_03,5,2,4,9.3,Maintain,Normal,0,synthetic,Recommendation requires real constraints and human approval before operational use.
2026-05-25,ST002,Prairie,SKU00123,Dairy Product 00123,Grocery,Dairy,Brand_24,62,15,23,45.7,Reduce / Review,Low,0,synthetic,Recommendation requires real constraints and human approval before operational use.
2026-05-25,ST002,Prairie,SKU00090,Garden Product 00090,Seasonal,Garden,Brand_27,20,9,11,29.5,Maintain,Normal,0,synthetic,Recommendation requires real constraints and human approval before operational use.
2026-05-25,ST002,Prairie,SKU00149,Holiday Product 00149,Seasonal,Holiday,Brand_24,24,0,7,61.1,Reduce / Review,Low,0,synthetic,Recommendation requires real constraints and human approval before operational use.
2026-05-25,ST002,Prairie,SKU00096,Paper Goods Product 00096,Household,Paper Goods,Brand_06,10,1,3,70.0,Reduce / Review,Low,0,synthetic,Recommendation requires real constraints and human approval before operational use.
2026-05-25,ST002,Prairie,SKU00105,Garden Product 00105,Seasonal,Garden,Brand_13,38,10,18,38.0,Maintain,Normal,0,synthetic,Recommendation requires real constraints and human approval before operational use.
2026-05-25,ST002,Prairie,SKU00052,Laundry Product 00052,Household,Laundry,Brand_22,8,1,3,56.0,Reduce / Review,Low,0,synthetic,Recommendation requires real constraints and human approval before operational use.
2026-05-25,ST002,Prairie,SKU00034,Pantry Product 00034,Grocery,Pantry,Brand_13,151,9,45,63.1,Reduce / Review,Low,0,synthetic,Recommendation requires real constraints and human approval before operational use.
2026-05-25,ST002,Prairie,SKU00042,Small Devices Product 00042,Electronics,Small Devices,Brand_23,19,15,42,8.6,Reorder,Medium,1,synthetic,Recommendation requires real constraints and human approval before operational use.
2026-05-25,ST002,Prairie,SKU00130,Skin Care Product 00130,Health_Beauty,Skin Care,Brand_23,4,1,5,12.4,Maintain,Normal,0,synthetic,Recommendation requires real constraints and human approval before operational use.
2026-05-25,ST002,Prairie,SKU00079,Pantry Product 00079,Grocery,Pantry,Brand_23,17,6,7,39.7,Maintain,Normal,0,synthetic,Recommendation requires real constraints and human approval before operational use.
2026-05-25,ST002,Prairie,SKU00001,Beverages Product 00001,Grocery,Beverages,Brand_12,17,15,19,11.9,Maintain,Normal,0,synthetic,Recommendation requires real constraints and human approval before operational use.
2026-05-25,ST002,Prairie,SKU00113,Personal Care Product 00113,Health_Beauty,Personal Care,Brand_06,10,3,3,40.0,Maintain,Normal,0,synthetic,Recommendation requires real constraints and human approval before operational use.
2026-05-25,ST002,Prairie,SKU00038,Personal Care Product 00038,Health_Beauty,Personal Care,Brand_18,3,3,3,12.0,Maintain,Normal,0,synthetic,Recommendation requires real constraints and human approval before operational use.
2026-05-25,ST002,Prairie,SKU00017,Snacks Product 00017,Grocery,Snacks,Brand_08,9,1,3,50.4,Reduce / Review,Low,0,synthetic,Recommendation requires real constraints and human approval before operational use.
2026-05-25,ST002,Prairie,SKU00039,Oral Care Product 00039,Health_Beauty,Oral Care,Brand_15,3,4,6,10.5,Maintain,Normal,0,synthetic,Recommendation requires real constraints and human approval before operational use.
2026-05-25,ST002,Prairie,SKU00002,Snacks Product 00002,Grocery,Snacks,Brand_09,25,18,21,8.6,Maintain,Normal,0,synthetic,Recommendation requires real constraints and human approval before operational use.
2026-05-25,ST002,Prairie,SKU00050,Cleaning Product 00050,Household,Cleaning,Brand_03,16,9,15,17.2,Maintain,Normal,0,synthetic,Recommendation requires real constraints and human approval before operational use.
2026-05-25,ST002,Prairie,SKU00078,Dairy Product 00078,Grocery,Dairy,Brand_06,10,2,5,46.7,Reduce / Review,Low,0,synthetic,Recommendation requires real constraints and human approval before operational use.
2026-05-25,ST002,Prairie,SKU00010,Skin Care Product 00010,Health_Beauty,Skin Care,Brand_02,16,2,7,44.8,Maintain,Normal,0,synthetic,Recommendation requires real constraints and human approval before operational use.
2026-05-25,ST002,Prairie,SKU00111,Paper Goods Product 00111,Household,Paper Goods,Brand_15,26,5,11,40.4,Maintain,Normal,0,synthetic,Recommendation requires real constraints and human approval before operational use.
2026-05-25,ST002,Prairie,SKU00082,Laundry Product 00082,Household,Laundry,Brand_16,24,14,12,42.0,Maintain,Normal,0,synthetic,Recommendation requires real constraints and human approval before operational use.
2026-05-25,ST002,Prairie,SKU00030,Garden Product 00030,Seasonal,Garden,Brand_22,19,10,9,44.3,Maintain,Normal,0,synthetic,Recommendation requires real constraints and human approval before operational use.
2026-05-25,ST003,Ontario,SKU00045,Garden Product 00045,Seasonal,Garden,Brand_11,6,2,5,18.7,Maintain,Normal,0,synthetic,Recommendation requires real constraints and human approval before operational use.
2026-05-25,ST003,Ontario,SKU00148,Outdoor Product 00148,Seasonal,Outdoor,Brand_27,2,7,6,3.5,Maintain,Normal,0,synthetic,Recommendation requires real constraints and human approval before operational use.
2026-05-25,ST003,Ontario,SKU00139,Pantry Product 00139,Grocery,Pantry,Brand_22,39,23,21,33.1,Maintain,Normal,0,synthetic,Recommendation requires real constraints and human approval before operational use.
2026-05-25,ST003,Ontario,SKU00032,Snacks Product 00032,Grocery,Snacks,Brand_12,46,5,15,49.5,Reduce / Review,Low,0,synthetic,Recommendation requires real constraints and human approval before operational use.
2026-05-25,ST003,Ontario,SKU00003,Dairy Product 00003,Grocery,Dairy,Brand_09,7,2,3,28.0,Maintain,Normal,0,synthetic,Recommendation requires real constraints and human approval before operational use.
2026-05-25,ST003,Ontario,SKU00033,Dairy Product 00033,Grocery,Dairy,Brand_10,18,3,7,31.5,Maintain,Normal,0,synthetic,Recommendation requires real constraints and human approval before operational use.
2026-05-25,ST003,Ontario,SKU00052,Laundry Product 00052,Household,Laundry,Brand_22,3,1,3,21.0,Maintain,Normal,0,synthetic,Recommendation requires real constraints and human approval before operational use.
2026-05-25,ST003,Ontario,SKU00048,Dairy Product 00048,Grocery,Dairy,Brand_10,39,6,14,47.5,Reduce / Review,Low,0,synthetic,Recommendation requires real constraints and human approval before operational use.
2026-05-25,ST003,Ontario,SKU00088,Outdoor Product 00088,Seasonal,Outdoor,Brand_11,2,5,7,5.1,Maintain,Normal,0,synthetic,Recommendation requires real constraints and human approval before operational use.
2026-05-25,ST003,Ontario,SKU00147,Small Devices Product 00147,Electronics,Small Devices,Brand_26,39,9,13,34.1,Maintain,Normal,0,synthetic,Recommendation requires real constraints and human approval before operational use.
2026-05-25,ST003,Ontario,SKU00108,Dairy Product 00108,Grocery,Dairy,Brand_01,21,7,9,49.0,Reduce / Review,Low,0,synthetic,Recommendation requires real constraints and human approval before operational use.
2026-05-25,ST003,Ontario,SKU00030,Garden Product 00030,Seasonal,Garden,Brand_22,16,3,10,34.5,Maintain,Normal,0,synthetic,Recommendation requires real constraints and human approval before operational use.
2026-05-25,ST003,Ontario,SKU00076,Beverages Product 00076,Grocery,Beverages,Brand_02,3,5,5,8.4,Maintain,Normal,0,synthetic,Recommendation requires real constraints and human approval before operational use.
2026-05-25,ST003,Ontario,SKU00049,Pantry Product 00049,Grocery,Pantry,Brand_02,15,3,6,26.2,Maintain,Normal,0,synthetic,Recommendation requires real constraints and human approval before operational use.
2026-05-25,ST003,Ontario,SKU00042,Small Devices Product 00042,Electronics,Small Devices,Brand_23,33,10,29,21.0,Maintain,Normal,0,synthetic,Recommendation requires real constraints and human approval before operational use.
2026-05-25,ST003,Ontario,SKU00020,Cleaning Product 00020,Household,Cleaning,Brand_16,9,7,7,14.0,Maintain,Normal,0,synthetic,Recommendation requires real constraints and human approval before operational use.
2026-05-25,ST003,Ontario,SKU00054,Oral Care Product 00054,Health_Beauty,Oral Care,Brand_22,9,2,4,25.2,Maintain,Normal,0,synthetic,Recommendation requires real constraints and human approval before operational use.
2026-05-25,ST003,Ontario,SKU00034,Pantry Product 00034,Grocery,Pantry,Brand_13,36,5,21,33.6,Maintain,Normal,0,synthetic,Recommendation requires real constraints and human approval before operational use.
2026-05-25,ST003,Ontario,SKU00002,Snacks Product 00002,Grocery,Snacks,Brand_09,9,13,19,5.6,Reorder,Medium,1,synthetic,Recommendation requires real constraints and human approval before operational use.
2026-05-25,ST003,Ontario,SKU00079,Pantry Product 00079,Grocery,Pantry,Brand_23,22,9,12,35.5,Maintain,Normal,0,synthetic,Recommendation requires real constraints and human approval before operational use.
2026-05-25,ST003,Ontario,SKU00149,Holiday Product 00149,Seasonal,Holiday,Brand_24,9,1,4,50.4,Reduce / Review,Low,0,synthetic,Recommendation requires real constraints and human approval before operational use.
2026-05-25,ST003,Ontario,SKU00069,Oral Care Product 00069,Health_Beauty,Oral Care,Brand_08,5,10,15,6.4,Reorder,Medium,1,synthetic,Recommendation requires real constraints and human approval before operational use.
2026-05-25,ST003,Ontario,SKU00129,Oral Care Product 00129,Health_Beauty,Oral Care,Brand_21,4,3,3,40.0,Maintain,Normal,0,synthetic,Recommendation requires real constraints and human approval before operational use.
2026-05-25,ST003,Ontario,SKU00015,Garden Product 00015,Seasonal,Garden,Brand_22,6,5,5,21.0,Maintain,Normal,0,synthetic,Recommendation requires real constraints and human approval before operational use.
2026-05-25,ST003,Ontario,SKU00091,Beverages Product 00091,Grocery,Beverages,Brand_18,58,0,17,40.6,Maintain,Normal,0,synthetic,Recommendation requires real constraints and human approval before operational use.
2026-05-25,ST003,Ontario,SKU00011,Accessories Product 00011,Electronics,Accessories,Brand_05,12,3,4,67.2,Reduce / Review,Low,0,synthetic,Recommendation requires real constraints and human approval before operational use.
2026-05-25,ST003,Ontario,SKU00126,Paper Goods Product 00126,Household,Paper Goods,Brand_16,7,6,7,10.9,Maintain,Normal,0,synthetic,Recommendation requires real constraints and human approval before operational use.
2026-05-25,ST003,Ontario,SKU00145,Skin Care Product 00145,Health_Beauty,Skin Care,Brand_07,7,3,3,24.5,Maintain,Normal,0,synthetic,Recommendation requires real constraints and human approval before operational use.
2026-05-25,ST003,Ontario,SKU00012,Small Devices Product 00012,Electronics,Small Devices,Brand_15,1,2,3,9.3,Maintain,Normal,0,synthetic,Recommendation requires real constraints and human approval before operational use.
2026-05-25,ST003,Ontario,SKU00022,Laundry Product 00022,Household,Laundry,Brand_13,9,1,3,90.0,Reduce / Review,Low,0,synthetic,Recommendation requires real constraints and human approval before operational use.
2026-05-25,ST003,Ontario,SKU00092,Snacks Product 00092,Grocery,Snacks,Brand_01,6,1,3,56.0,Reduce / Review,Low,0,synthetic,Recommendation requires real constraints and human approval before operational use.
2026-05-25,ST003,Ontario,SKU00050,Cleaning Product 00050,Household,Cleaning,Brand_03,30,3,12,56.0,Reduce / Review,Low,0,synthetic,Recommendation requires real constraints and human approval before operational use.
2026-05-25,ST003,Ontario,SKU00128,Personal Care Product 00128,Health_Beauty,Personal Care,Brand_08,34,8,13,45.3,Reduce / Review,Low,0,synthetic,Recommendation requires real constraints and human approval before operational use.
2026-05-25,ST003,Ontario,SKU00001,Beverages Product 00001,Grocery,Beverages,Brand_12,38,10,11,40.9,Maintain,Normal,0,synthetic,Recommendation requires real constraints and human approval before operational use.
2026-05-25,ST003,Ontario,SKU00058,Outdoor Product 00058,Seasonal,Outdoor,Brand_18,42,13,16,34.6,Maintain,Normal,0,synthetic,Recommendation requires real constraints and human approval before operational use.
2026-05-25,ST003,Ontario,SKU00105,Garden Product 00105,Seasonal,Garden,Brand_13,6,0,5,24.0,Maintain,Normal,0,synthetic,Recommendation requires real constraints and human approval before operational use.
2026-05-25,ST003,Ontario,SKU00072,Small Devices Product 00072,Electronics,Small Devices,Brand_20,44,6,13,61.6,Reduce / Review,Low,0,synthetic,Recommendation requires real constraints and human approval before operational use.
2026-05-25,ST003,Ontario,SKU00016,Beverages Product 00016,Grocery,Beverages,Brand_07,4,2,3,40.0,Maintain,Normal,0,synthetic,Recommendation requires real constraints and human approval before operational use.
2026-05-25,ST003,Ontario,SKU00013,Outdoor Product 00013,Seasonal,Outdoor,Brand_19,18,9,10,31.5,Maintain,Normal,0,synthetic,Recommendation requires real constraints and human approval before operational use.
2026-05-25,ST003,Ontario,SKU00099,Oral Care Product 00099,Health_Beauty,Oral Care,Brand_03,9,3,3,63.0,Reduce / Review,Low,0,synthetic,Recommendation requires real constraints and human approval before operational use.
2026-05-25,ST003,Ontario,SKU00070,Skin Care Product 00070,Health_Beauty,Skin Care,Brand_05,43,12,17,63.4,Reduce / Review,Low,0,synthetic,Recommendation requires real constraints and human approval before operational use.
2026-05-25,ST003,Ontario,SKU00067,Laundry Product 00067,Household,Laundry,Brand_19,34,13,12,56.0,Reduce / Review,Low,0,synthetic,Recommendation requires real constraints and human approval before operational use.
2026-05-25,ST003,Ontario,SKU00112,Laundry Product 00112,Household,Laundry,Brand_18,4,4,5,14.0,Maintain,Normal,0,synthetic,Recommendation requires real constraints and human approval before operational use.
2026-05-25,ST003,Ontario,SKU00071,Accessories Product 00071,Electronics,Accessories,Brand_15,3,3,3,21.0,Maintain,Normal,0,synthetic,Recommendation requires real constraints and human approval before operational use.
2026-05-25,ST003,Ontario,SKU00107,Snacks Product 00107,Grocery,Snacks,Brand_03,7,1,5,15.1,Maintain,Normal,0,synthetic,Recommendation requires real constraints and human approval before operational use.
2026-05-25,ST003,Ontario,SKU00027,Small Devices Product 00027,Electronics,Small Devices,Brand_10,8,9,9,14.0,Maintain,Normal,0,synthetic,Recommendation requires real constraints and human approval before operational use.
2026-05-25,ST003,Ontario,SKU00044,Holiday Product 00044,Seasonal,Holiday,Brand_26,41,5,18,30.2,Maintain,Normal,0,synthetic,Recommendation requires real constraints and human approval before operational use.
2026-05-25,ST003,Ontario,SKU00031,Beverages Product 00031,Grocery,Beverages,Brand_09,31,3,13,43.4,Maintain,Normal,0,synthetic,Recommendation requires real constraints and human approval before operational use.
2026-05-25,ST003,Ontario,SKU00078,Dairy Product 00078,Grocery,Dairy,Brand_06,24,1,7,74.7,Reduce / Review,Low,0,synthetic,Recommendation requires real constraints and human approval before operational use.
2026-05-25,ST003,Ontario,SKU00122,Snacks Product 00122,Grocery,Snacks,Brand_03,4,22,19,3.8,Reorder,Medium,1,synthetic,Recommendation requires real constraints and human approval before operational use.
2026-05-25,ST003,Ontario,SKU00125,Cleaning Product 00125,Household,Cleaning,Brand_22,15,4,5,38.2,Maintain,Normal,0,synthetic,Recommendation requires real constraints and human approval before operational use.
2026-05-25,ST003,Ontario,SKU00083,Personal Care Product 00083,Health_Beauty,Personal Care,Brand_06,7,3,3,49.0,Reduce / Review,Low,0,synthetic,Recommendation requires real constraints and human approval before operational use.
2026-05-25,ST003,Ontario,SKU00061,Beverages Product 00061,Grocery,Beverages,Brand_10,43,15,16,34.4,Maintain,Normal,0,synthetic,Recommendation requires real constraints and human approval before operational use.
2026-05-25,ST003,Ontario,SKU00051,Paper Goods Product 00051,Household,Paper Goods,Brand_06,9,3,3,63.0,Reduce / Review,Low,0,synthetic,Recommendation requires real constraints and human approval before operational use.
2026-05-25,ST003,Ontario,SKU00142,Laundry Product 00142,Household,Laundry,Brand_09,3,6,13,4.9,Reorder,Medium,1,synthetic,Recommendation requires real constraints and human approval before operational use.
2026-05-25,ST003,Ontario,SKU00146,Accessories Product 00146,Electronics,Accessories,Brand_19,10,3,3,93.3,Reduce / Review,Low,0,synthetic,Recommendation requires real constraints and human approval before operational use.
2026-05-25,ST003,Ontario,SKU00008,Personal Care Product 00008,Health_Beauty,Personal Care,Brand_02,52,14,21,35.5,Maintain,Normal,0,synthetic,Recommendation requires real constraints and human approval before operational use.
2026-05-25,ST003,Ontario,SKU00056,Accessories Product 00056,Electronics,Accessories,Brand_24,4,8,14,5.1,Reorder,Medium,1,synthetic,Recommendation requires real constraints and human approval before operational use.
2026-05-25,ST003,Ontario,SKU00025,Skin Care Product 00025,Health_Beauty,Skin Care,Brand_21,2,2,3,14.0,Maintain,Normal,0,synthetic,Recommendation requires real constraints and human approval before operational use.
2026-05-25,ST003,Ontario,SKU00116,Accessories Product 00116,Electronics,Accessories,Brand_19,8,2,3,74.7,Reduce / Review,Low,0,synthetic,Recommendation requires real constraints and human approval before operational use.
2026-05-25,ST003,Ontario,SKU00007,Laundry Product 00007,Household,Laundry,Brand_16,2,3,3,6.2,Maintain,Normal,0,synthetic,Recommendation requires real constraints and human approval before operational use.
2026-05-25,ST003,Ontario,SKU00115,Skin Care Product 00115,Health_Beauty,Skin Care,Brand_17,24,1,7,39.5,Maintain,Normal,0,synthetic,Recommendation requires real constraints and human approval before operational use.
2026-05-25,ST003,Ontario,SKU00081,Paper Goods Product 00081,Household,Paper Goods,Brand_10,10,1,3,70.0,Reduce / Review,Low,0,synthetic,Recommendation requires real constraints and human approval before operational use.
2026-05-25,ST003,Ontario,SKU00026,Accessories Product 00026,Electronics,Accessories,Brand_16,53,6,17,39.1,Maintain,Normal,0,synthetic,Recommendation requires real constraints and human approval before operational use.
2026-05-25,ST003,Ontario,SKU00101,Accessories Product 00101,Electronics,Accessories,Brand_14,9,1,3,84.0,Reduce / Review,Low,0,synthetic,Recommendation requires real constraints and human approval before operational use.
2026-05-25,ST003,Ontario,SKU00005,Cleaning Product 00005,Household,Cleaning,Brand_06,23,0,9,37.9,Maintain,Normal,0,synthetic,Recommendation requires real constraints and human approval before operational use.
2026-05-25,ST003,Ontario,SKU00132,Small Devices Product 00132,Electronics,Small Devices,Brand_24,14,5,5,56.0,Reduce / Review,Low,0,synthetic,Recommendation requires real constraints and human approval before operational use.
2026-05-25,ST003,Ontario,SKU00017,Snacks Product 00017,Grocery,Snacks,Brand_08,5,1,5,15.6,Maintain,Normal,0,synthetic,Recommendation requires real constraints and human approval before operational use.
2026-05-25,ST003,Ontario,SKU00085,Skin Care Product 00085,Health_Beauty,Skin Care,Brand_21,13,0,4,60.7,Reduce / Review,Low,0,synthetic,Recommendation requires real constraints and human approval before operational use.
2026-05-25,ST003,Ontario,SKU00014,Holiday Product 00014,Seasonal,Holiday,Brand_06,3,5,5,6.0,Maintain,Normal,0,synthetic,Recommendation requires real constraints and human approval before operational use.
2026-05-25,ST003,Ontario,SKU00063,Dairy Product 00063,Grocery,Dairy,Brand_26,38,10,13,56.0,Reduce / Review,Low,0,synthetic,Recommendation requires real constraints and human approval before operational use.
2026-05-25,ST003,Ontario,SKU00018,Dairy Product 00018,Grocery,Dairy,Brand_25,20,5,9,43.1,Maintain,Normal,0,synthetic,Recommendation requires real constraints and human approval before operational use.
2026-05-25,ST003,Ontario,SKU00090,Garden Product 00090,Seasonal,Garden,Brand_27,23,6,7,53.7,Reduce / Review,Low,0,synthetic,Recommendation requires real constraints and human approval before operational use.
2026-05-25,ST003,Ontario,SKU00075,Garden Product 00075,Seasonal,Garden,Brand_14,11,7,13,20.5,Maintain,Normal,0,synthetic,Recommendation requires real constraints and human approval before operational use.
2026-05-25,ST003,Ontario,SKU00118,Outdoor Product 00118,Seasonal,Outdoor,Brand_03,79,37,41,29.9,Maintain,Normal,0,synthetic,Recommendation requires real constraints and human approval before operational use.
2026-05-25,ST004,Quebec,SKU00132,Small Devices Product 00132,Electronics,Small Devices,Brand_24,33,11,11,57.8,Reduce / Review,Low,0,synthetic,Recommendation requires real constraints and human approval before operational use.
2026-05-25,ST004,Quebec,SKU00060,Garden Product 00060,Seasonal,Garden,Brand_05,26,16,14,42.8,Maintain,Normal,0,synthetic,Recommendation requires real constraints and human approval before operational use.
2026-05-25,ST004,Quebec,SKU00020,Cleaning Product 00020,Household,Cleaning,Brand_16,44,16,20,23.7,Maintain,Normal,0,synthetic,Recommendation requires real constraints and human approval before operational use.
2026-05-25,ST004,Quebec,SKU00095,Cleaning Product 00095,Household,Cleaning,Brand_04,51,46,40,23.4,Maintain,Normal,0,synthetic,Recommendation requires real constraints and human approval before operational use.
2026-05-25,ST004,Quebec,SKU00104,Holiday Product 00104,Seasonal,Holiday,Brand_08,19,1,8,40.9,Maintain,Normal,0,synthetic,Recommendation requires real constraints and human approval before operational use.
2026-05-25,ST004,Quebec,SKU00034,Pantry Product 00034,Grocery,Pantry,Brand_13,202,4,75,63.6,Reduce / Review,Low,0,synthetic,Recommendation requires real constraints and human approval before operational use.
2026-05-25,ST004,Quebec,SKU00141,Paper Goods Product 00141,Household,Paper Goods,Brand_08,10,2,3,40.0,Maintain,Normal,0,synthetic,Recommendation requires real constraints and human approval before operational use.
2026-05-25,ST004,Quebec,SKU00109,Pantry Product 00109,Grocery,Pantry,Brand_03,14,6,19,13.1,Maintain,Normal,0,synthetic,Recommendation requires real constraints and human approval before operational use.
2026-05-25,ST004,Quebec,SKU00120,Garden Product 00120,Seasonal,Garden,Brand_08,112,78,84,26.1,Maintain,Normal,0,synthetic,Recommendation requires real constraints and human approval before operational use.
2026-05-25,ST004,Quebec,SKU00138,Dairy Product 00138,Grocery,Dairy,Brand_09,202,32,89,52.9,Reduce / Review,Low,0,synthetic,Recommendation requires real constraints and human approval before operational use.
2026-05-25,ST004,Quebec,SKU00050,Cleaning Product 00050,Household,Cleaning,Brand_03,3,2,6,9.3,Maintain,Normal,0,synthetic,Recommendation requires real constraints and human approval before operational use.
2026-05-25,ST004,Quebec,SKU00139,Pantry Product 00139,Grocery,Pantry,Brand_22,45,27,44,17.5,Maintain,Normal,0,synthetic,Recommendation requires real constraints and human approval before operational use.
2026-05-25,ST004,Quebec,SKU00091,Beverages Product 00091,Grocery,Beverages,Brand_18,93,37,40,28.0,Maintain,Normal,0,synthetic,Recommendation requires real constraints and human approval before operational use.
2026-05-25,ST004,Quebec,SKU00063,Dairy Product 00063,Grocery,Dairy,Brand_26,48,7,19,43.4,Maintain,Normal,0,synthetic,Recommendation requires real constraints and human approval before operational use.
2026-05-25,ST004,Quebec,SKU00019,Pantry Product 00019,Grocery,Pantry,Brand_01,7,13,34,4.5,Reorder,Medium,1,synthetic,Recommendation requires real constraints and human approval before operational use.
2026-05-25,ST004,Quebec,SKU00119,Holiday Product 00119,Seasonal,Holiday,Brand_15,5,2,7,12.7,Maintain,Normal,0,synthetic,Recommendation requires real constraints and human approval before operational use.
2026-05-25,ST004,Quebec,SKU00102,Small Devices Product 00102,Electronics,Small Devices,Brand_13,15,0,26,10.5,Reorder,Medium,1,synthetic,Recommendation requires real constraints and human approval before operational use.
2026-05-25,ST004,Quebec,SKU00084,Oral Care Product 00084,Health_Beauty,Oral Care,Brand_02,15,6,6,42.0,Maintain,Normal,0,synthetic,Recommendation requires real constraints and human approval before operational use.
2026-05-25,ST004,Quebec,SKU00031,Beverages Product 00031,Grocery,Beverages,Brand_09,41,31,30,24.4,Maintain,Normal,0,synthetic,Recommendation requires real constraints and human approval before operational use.
2026-05-25,ST004,Quebec,SKU00010,Skin Care Product 00010,Health_Beauty,Skin Care,Brand_02,90,10,27,70.0,Reduce / Review,Low,0,synthetic,Recommendation requires real constraints and human approval before operational use.
2026-05-25,ST004,Quebec,SKU00121,Beverages Product 00121,Grocery,Beverages,Brand_05,3,16,14,4.2,Reorder,Medium,1,synthetic,Recommendation requires real constraints and human approval before operational use.
2026-05-25,ST004,Quebec,SKU00067,Laundry Product 00067,Household,Laundry,Brand_19,19,9,11,29.6,Maintain,Normal,0,synthetic,Recommendation requires real constraints and human approval before operational use.
2026-05-25,ST004,Quebec,SKU00080,Cleaning Product 00080,Household,Cleaning,Brand_11,19,12,23,14.4,Maintain,Normal,0,synthetic,Recommendation requires real constraints and human approval before operational use.
2026-05-25,ST004,Quebec,SKU00135,Garden Product 00135,Seasonal,Garden,Brand_04,12,3,7,30.5,Maintain,Normal,0,synthetic,Recommendation requires real constraints and human approval before operational use.
2026-05-25,ST004,Quebec,SKU00005,Cleaning Product 00005,Household,Cleaning,Brand_06,54,7,17,31.5,Maintain,Normal,0,synthetic,Recommendation requires real constraints and human approval before operational use.
2026-05-25,ST004,Quebec,SKU00041,Accessories Product 00041,Electronics,Accessories,Brand_01,14,0,4,49.0,Reduce / Review,Low,0,synthetic,Recommendation requires real constraints and human approval before operational use.
2026-05-25,ST004,Quebec,SKU00016,Beverages Product 00016,Grocery,Beverages,Brand_07,2,6,5,5.1,Maintain,Normal,0,synthetic,Recommendation requires real constraints and human approval before operational use.
2026-05-25,ST004,Quebec,SKU00021,Paper Goods Product 00021,Household,Paper Goods,Brand_13,144,9,47,49.2,Reduce / Review,Low,0,synthetic,Recommendation requires real constraints and human approval before operational use.
2026-05-25,ST004,Quebec,SKU00113,Personal Care Product 00113,Health_Beauty,Personal Care,Brand_06,21,6,7,42.0,Maintain,Normal,0,synthetic,Recommendation requires real constraints and human approval before operational use.
2026-05-25,ST004,Quebec,SKU00093,Dairy Product 00093,Grocery,Dairy,Brand_17,8,11,10,12.4,Maintain,Normal,0,synthetic,Recommendation requires real constraints and human approval before operational use.
2026-05-25,ST004,Quebec,SKU00117,Small Devices Product 00117,Electronics,Small Devices,Brand_23,10,2,3,93.3,Reduce / Review,Low,0,synthetic,Recommendation requires real constraints and human approval before operational use.
2026-05-25,ST004,Quebec,SKU00022,Laundry Product 00022,Household,Laundry,Brand_13,7,3,3,39.2,Maintain,Normal,0,synthetic,Recommendation requires real constraints and human approval before operational use.
2026-05-25,ST004,Quebec,SKU00108,Dairy Product 00108,Grocery,Dairy,Brand_01,204,42,62,75.2,Reduce / Review,Low,0,synthetic,Recommendation requires real constraints and human approval before operational use.
2026-05-25,ST004,Quebec,SKU00056,Accessories Product 00056,Electronics,Accessories,Brand_24,6,15,15,6.7,Reorder,Medium,1,synthetic,Recommendation requires real constraints and human approval before operational use.
2026-05-25,ST004,Quebec,SKU00116,Accessories Product 00116,Electronics,Accessories,Brand_19,13,3,4,45.5,Reduce / Review,Low,0,synthetic,Recommendation requires real constraints and human approval before operational use.
2026-05-25,ST004,Quebec,SKU00076,Beverages Product 00076,Grocery,Beverages,Brand_02,12,0,10,12.4,Maintain,Normal,0,synthetic,Recommendation requires real constraints and human approval before operational use.
2026-05-25,ST004,Quebec,SKU00110,Cleaning Product 00110,Household,Cleaning,Brand_08,11,8,11,16.2,Maintain,Normal,0,synthetic,Recommendation requires real constraints and human approval before operational use.
2026-05-25,ST004,Quebec,SKU00054,Oral Care Product 00054,Health_Beauty,Oral Care,Brand_22,22,7,11,22.8,Maintain,Normal,0,synthetic,Recommendation requires real constraints and human approval before operational use.
2026-05-25,ST004,Quebec,SKU00137,Snacks Product 00137,Grocery,Snacks,Brand_08,11,1,4,44.0,Maintain,Normal,0,synthetic,Recommendation requires real constraints and human approval before operational use.
2026-05-25,ST004,Quebec,SKU00001,Beverages Product 00001,Grocery,Beverages,Brand_12,61,16,21,28.5,Maintain,Normal,0,synthetic,Recommendation requires real constraints and human approval before operational use.
2026-05-25,ST004,Quebec,SKU00069,Oral Care Product 00069,Health_Beauty,Oral Care,Brand_08,23,16,14,33.9,Maintain,Normal,0,synthetic,Recommendation requires real constraints and human approval before operational use.
2026-05-25,ST004,Quebec,SKU00017,Snacks Product 00017,Grocery,Snacks,Brand_08,1,3,7,2.3,Reorder,Medium,1,synthetic,Recommendation requires real constraints and human approval before operational use.
2026-05-25,ST004,Quebec,SKU00085,Skin Care Product 00085,Health_Beauty,Skin Care,Brand_21,15,2,6,52.5,Reduce / Review,Low,0,synthetic,Recommendation requires real constraints and human approval before operational use.
2026-05-25,ST004,Quebec,SKU00129,Oral Care Product 00129,Health_Beauty,Oral Care,Brand_21,8,3,3,44.8,Maintain,Normal,0,synthetic,Recommendation requires real constraints and human approval before operational use.
2026-05-25,ST004,Quebec,SKU00083,Personal Care Product 00083,Health_Beauty,Personal Care,Brand_06,18,2,6,45.8,Reduce / Review,Low,0,synthetic,Recommendation requires real constraints and human approval before operational use.
2026-05-25,ST004,Quebec,SKU00131,Accessories Product 00131,Electronics,Accessories,Brand_05,20,7,10,17.0,Maintain,Normal,0,synthetic,Recommendation requires real constraints and human approval before operational use.
2026-05-25,ST004,Quebec,SKU00144,Oral Care Product 00144,Health_Beauty,Oral Care,Brand_09,60,8,20,70.0,Reduce / Review,Low,0,synthetic,Recommendation requires real constraints and human approval before operational use.
2026-05-25,ST004,Quebec,SKU00118,Outdoor Product 00118,Seasonal,Outdoor,Brand_03,108,24,35,37.8,Maintain,Normal,0,synthetic,Recommendation requires real constraints and human approval before operational use.
2026-05-25,ST004,Quebec,SKU00089,Holiday Product 00089,Seasonal,Holiday,Brand_10,33,12,12,30.8,Maintain,Normal,0,synthetic,Recommendation requires real constraints and human approval before operational use.
2026-05-25,ST004,Quebec,SKU00011,Accessories Product 00011,Electronics,Accessories,Brand_05,36,7,19,33.6,Maintain,Normal,0,synthetic,Recommendation requires real constraints and human approval before operational use.
2026-05-25,ST004,Quebec,SKU00071,Accessories Product 00071,Electronics,Accessories,Brand_15,8,2,3,37.3,Maintain,Normal,0,synthetic,Recommendation requires real constraints and human approval before operational use.
2026-05-25,ST004,Quebec,SKU00082,Laundry Product 00082,Household,Laundry,Brand_16,22,12,17,22.0,Maintain,Normal,0,synthetic,Recommendation requires real constraints and human approval before operational use.
2026-05-25,ST004,Quebec,SKU00088,Outdoor Product 00088,Seasonal,Outdoor,Brand_11,10,8,19,8.2,Reorder,Medium,1,synthetic,Recommendation requires real constraints and human approval before operational use.
2026-05-25,ST004,Quebec,SKU00097,Laundry Product 00097,Household,Laundry,Brand_15,15,9,12,20.0,Maintain,Normal,0,synthetic,Recommendation requires real constraints and human approval before operational use.
2026-05-25,ST004,Quebec,SKU00040,Skin Care Product 00040,Health_Beauty,Skin Care,Brand_13,51,16,18,40.8,Maintain,Normal,0,synthetic,Recommendation requires real constraints and human approval before operational use.
2026-05-25,ST004,Quebec,SKU00042,Small Devices Product 00042,Electronics,Small Devices,Brand_23,114,5,48,49.1,Reduce / Review,Low,0,synthetic,Recommendation requires real constraints and human approval before operational use.
2026-05-25,ST004,Quebec,SKU00009,Oral Care Product 00009,Health_Beauty,Oral Care,Brand_09,55,15,18,46.7,Reduce / Review,Low,0,synthetic,Recommendation requires real constraints and human approval before operational use.
2026-05-25,ST004,Quebec,SKU00124,Pantry Product 00124,Grocery,Pantry,Brand_17,21,13,13,32.7,Maintain,Normal,0,synthetic,Recommendation requires real constraints and human approval before operational use.
2026-05-25,ST004,Quebec,SKU00133,Outdoor Product 00133,Seasonal,Outdoor,Brand_20,112,39,36,68.2,Reduce / Review,Low,0,synthetic,Recommendation requires real constraints and human approval before operational use.
2026-05-25,ST004,Quebec,SKU00114,Oral Care Product 00114,Health_Beauty,Oral Care,Brand_22,20,5,7,56.0,Reduce / Review,Low,0,synthetic,Recommendation requires real constraints and human approval before operational use.
2026-05-25,ST004,Quebec,SKU00037,Laundry Product 00037,Household,Laundry,Brand_06,15,9,8,23.3,Maintain,Normal,0,synthetic,Recommendation requires real constraints and human approval before operational use.
2026-05-25,ST004,Quebec,SKU00100,Skin Care Product 00100,Health_Beauty,Skin Care,Brand_23,20,2,8,35.0,Maintain,Normal,0,synthetic,Recommendation requires real constraints and human approval before operational use.
2026-05-25,ST004,Quebec,SKU00150,Garden Product 00150,Seasonal,Garden,Brand_19,4,3,5,12.4,Maintain,Normal,0,synthetic,Recommendation requires real constraints and human approval before operational use.
2026-05-25,ST004,Quebec,SKU00072,Small Devices Product 00072,Electronics,Small Devices,Brand_20,123,44,39,63.8,Reduce / Review,Low,0,synthetic,Recommendation requires real constraints and human approval before operational use.
2026-05-25,ST004,Quebec,SKU00058,Outdoor Product 00058,Seasonal,Outdoor,Brand_18,53,7,24,30.9,Maintain,Normal,0,synthetic,Recommendation requires real constraints and human approval before operational use.
2026-05-25,ST004,Quebec,SKU00046,Beverages Product 00046,Grocery,Beverages,Brand_15,6,21,18,7.0,Reorder,Medium,1,synthetic,Recommendation requires real constraints and human approval before operational use.
2026-05-25,ST004,Quebec,SKU00006,Paper Goods Product 00006,Household,Paper Goods,Brand_08,48,19,21,35.4,Maintain,Normal,0,synthetic,Recommendation requires real constraints and human approval before operational use.
2026-05-25,ST004,Quebec,SKU00039,Oral Care Product 00039,Health_Beauty,Oral Care,Brand_15,7,7,7,19.6,Maintain,Normal,0,synthetic,Recommendation requires real constraints and human approval before operational use.
2026-05-25,ST004,Quebec,SKU00026,Accessories Product 00026,Electronics,Accessories,Brand_16,12,12,21,7.1,Reorder,Medium,1,synthetic,Recommendation requires real constraints and human approval before operational use.
2026-05-25,ST004,Quebec,SKU00059,Holiday Product 00059,Seasonal,Holiday,Brand_26,17,6,7,31.7,Maintain,Normal,0,synthetic,Recommendation requires real constraints and human approval before operational use.
2026-05-25,ST004,Quebec,SKU00140,Cleaning Product 00140,Household,Cleaning,Brand_05,20,11,14,26.7,Maintain,Normal,0,synthetic,Recommendation requires real constraints and human approval before operational use.
2026-05-25,ST004,Quebec,SKU00035,Cleaning Product 00035,Household,Cleaning,Brand_22,14,68,61,3.4,Reorder,Medium,1,synthetic,Recommendation requires real constraints and human approval before operational use.
2026-05-25,ST004,Quebec,SKU00130,Skin Care Product 00130,Health_Beauty,Skin Care,Brand_23,53,2,16,43.6,Maintain,Normal,0,synthetic,Recommendation requires real constraints and human approval before operational use.
2026-05-25,ST004,Quebec,SKU00013,Outdoor Product 00013,Seasonal,Outdoor,Brand_19,5,6,23,3.9,Reorder,Medium,1,synthetic,Recommendation requires real constraints and human approval before operational use.
2026-05-25,ST004,Quebec,SKU00149,Holiday Product 00149,Seasonal,Holiday,Brand_24,14,8,8,32.7,Maintain,Normal,0,synthetic,Recommendation requires real constraints and human approval before operational use.
2026-05-25,ST005,Atlantic,SKU00002,Snacks Product 00002,Grocery,Snacks,Brand_09,16,15,18,8.5,Maintain,Normal,0,synthetic,Recommendation requires real constraints and human approval before operational use.
2026-05-25,ST005,Atlantic,SKU00132,Small Devices Product 00132,Electronics,Small Devices,Brand_24,10,1,4,40.0,Maintain,Normal,0,synthetic,Recommendation requires real constraints and human approval before operational use.
2026-05-25,ST005,Atlantic,SKU00043,Outdoor Product 00043,Seasonal,Outdoor,Brand_21,5,1,7,14.0,Maintain,Normal,0,synthetic,Recommendation requires real constraints and human approval before operational use.
2026-05-25,ST005,Atlantic,SKU00131,Accessories Product 00131,Electronics,Accessories,Brand_05,6,6,5,12.9,Maintain,Normal,0,synthetic,Recommendation requires real constraints and human approval before operational use.
2026-05-25,ST005,Atlantic,SKU00110,Cleaning Product 00110,Household,Cleaning,Brand_08,13,4,4,36.4,Maintain,Normal,0,synthetic,Recommendation requires real constraints and human approval before operational use.
2026-05-25,ST005,Atlantic,SKU00149,Holiday Product 00149,Seasonal,Holiday,Brand_24,6,3,6,16.8,Maintain,Normal,0,synthetic,Recommendation requires real constraints and human approval before operational use.
2026-05-25,ST005,Atlantic,SKU00114,Oral Care Product 00114,Health_Beauty,Oral Care,Brand_22,16,10,9,37.3,Maintain,Normal,0,synthetic,Recommendation requires real constraints and human approval before operational use.
2026-05-25,ST005,Atlantic,SKU00047,Snacks Product 00047,Grocery,Snacks,Brand_16,5,1,3,50.0,Reduce / Review,Low,0,synthetic,Recommendation requires real constraints and human approval before operational use.
2026-05-25,ST005,Atlantic,SKU00093,Dairy Product 00093,Grocery,Dairy,Brand_17,2,1,7,5.1,Maintain,Normal,0,synthetic,Recommendation requires real constraints and human approval before operational use.
2026-05-25,ST005,Atlantic,SKU00020,Cleaning Product 00020,Household,Cleaning,Brand_16,24,2,7,37.3,Maintain,Normal,0,synthetic,Recommendation requires real constraints and human approval before operational use.
2026-05-25,ST005,Atlantic,SKU00074,Holiday Product 00074,Seasonal,Holiday,Brand_17,8,0,5,28.0,Maintain,Normal,0,synthetic,Recommendation requires real constraints and human approval before operational use.
2026-05-25,ST005,Atlantic,SKU00044,Holiday Product 00044,Seasonal,Holiday,Brand_26,61,14,19,44.9,Maintain,Normal,0,synthetic,Recommendation requires real constraints and human approval before operational use.
2026-05-25,ST005,Atlantic,SKU00092,Snacks Product 00092,Grocery,Snacks,Brand_01,13,2,6,28.0,Maintain,Normal,0,synthetic,Recommendation requires real constraints and human approval before operational use.
2026-05-25,ST005,Atlantic,SKU00082,Laundry Product 00082,Household,Laundry,Brand_16,14,8,7,35.6,Maintain,Normal,0,synthetic,Recommendation requires real constraints and human approval before operational use.
2026-05-25,ST005,Atlantic,SKU00133,Outdoor Product 00133,Seasonal,Outdoor,Brand_20,3,11,27,2.5,Reorder,Medium,1,synthetic,Recommendation requires real constraints and human approval before operational use.
2026-05-25,ST005,Atlantic,SKU00136,Beverages Product 00136,Grocery,Beverages,Brand_12,2,1,3,18.7,Maintain,Normal,0,synthetic,Recommendation requires real constraints and human approval before operational use.
2026-05-25,ST005,Atlantic,SKU00081,Paper Goods Product 00081,Household,Paper Goods,Brand_10,5,4,3,28.0,Maintain,Normal,0,synthetic,Recommendation requires real constraints and human approval before operational use.
2026-05-25,ST005,Atlantic,SKU00027,Small Devices Product 00027,Electronics,Small Devices,Brand_10,22,3,12,22.0,Maintain,Normal,0,synthetic,Recommendation requires real constraints and human approval before operational use.
2026-05-25,ST005,Atlantic,SKU00087,Small Devices Product 00087,Electronics,Small Devices,Brand_26,74,19,26,60.9,Reduce / Review,Low,0,synthetic,Recommendation requires real constraints and human approval before operational use.
2026-05-25,ST005,Atlantic,SKU00127,Laundry Product 00127,Household,Laundry,Brand_01,27,14,18,25.2,Maintain,Normal,0,synthetic,Recommendation requires real constraints and human approval before operational use.
2026-05-25,ST005,Atlantic,SKU00135,Garden Product 00135,Seasonal,Garden,Brand_04,0,3,3,0.0,Urgent Reorder,High,1,synthetic,Recommendation requires real constraints and human approval before operational use.
2026-05-25,ST005,Atlantic,SKU00011,Accessories Product 00011,Electronics,Accessories,Brand_05,15,3,5,46.7,Reduce / Review,Low,0,synthetic,Recommendation requires real constraints and human approval before operational use.
2026-05-25,ST005,Atlantic,SKU00106,Beverages Product 00106,Grocery,Beverages,Brand_25,9,1,3,63.0,Reduce / Review,Low,0,synthetic,Recommendation requires real constraints and human approval before operational use.
2026-05-25,ST005,Atlantic,SKU00053,Personal Care Product 00053,Health_Beauty,Personal Care,Brand_12,14,7,9,28.0,Maintain,Normal,0,synthetic,Recommendation requires real constraints and human approval before operational use.
2026-05-25,ST005,Atlantic,SKU00063,Dairy Product 00063,Grocery,Dairy,Brand_26,10,4,12,17.5,Maintain,Normal,0,synthetic,Recommendation requires real constraints and human approval before operational use.
2026-05-25,ST005,Atlantic,SKU00116,Accessories Product 00116,Electronics,Accessories,Brand_19,3,2,3,12.0,Maintain,Normal,0,synthetic,Recommendation requires real constraints and human approval before operational use.
2026-05-25,ST005,Atlantic,SKU00129,Oral Care Product 00129,Health_Beauty,Oral Care,Brand_21,6,3,3,60.0,Reduce / Review,Low,0,synthetic,Recommendation requires real constraints and human approval before operational use.
2026-05-25,ST005,Atlantic,SKU00128,Personal Care Product 00128,Health_Beauty,Personal Care,Brand_08,23,2,18,21.5,Maintain,Normal,0,synthetic,Recommendation requires real constraints and human approval before operational use.
2026-05-25,ST005,Atlantic,SKU00028,Outdoor Product 00028,Seasonal,Outdoor,Brand_25,3,3,4,12.0,Maintain,Normal,0,synthetic,Recommendation requires real constraints and human approval before operational use.
2026-05-25,ST005,Atlantic,SKU00109,Pantry Product 00109,Grocery,Pantry,Brand_03,25,3,11,50.0,Reduce / Review,Low,0,synthetic,Recommendation requires real constraints and human approval before operational use.
2026-05-25,ST005,Atlantic,SKU00141,Paper Goods Product 00141,Household,Paper Goods,Brand_08,9,3,3,84.0,Reduce / Review,Low,0,synthetic,Recommendation requires real constraints and human approval before operational use.
2026-05-25,ST005,Atlantic,SKU00041,Accessories Product 00041,Electronics,Accessories,Brand_01,6,8,14,5.0,Reorder,Medium,1,synthetic,Recommendation requires real constraints and human approval before operational use.
2026-05-25,ST005,Atlantic,SKU00084,Oral Care Product 00084,Health_Beauty,Oral Care,Brand_02,5,1,7,17.5,Maintain,Normal,0,synthetic,Recommendation requires real constraints and human approval before operational use.
2026-05-25,ST005,Atlantic,SKU00119,Holiday Product 00119,Seasonal,Holiday,Brand_15,7,4,4,39.2,Maintain,Normal,0,synthetic,Recommendation requires real constraints and human approval before operational use.
2026-05-25,ST005,Atlantic,SKU00100,Skin Care Product 00100,Health_Beauty,Skin Care,Brand_23,9,3,3,50.4,Reduce / Review,Low,0,synthetic,Recommendation requires real constraints and human approval before operational use.
2026-05-25,ST005,Atlantic,SKU00118,Outdoor Product 00118,Seasonal,Outdoor,Brand_03,116,30,35,45.7,Reduce / Review,Low,0,synthetic,Recommendation requires real constraints and human approval before operational use.
2026-05-25,ST005,Atlantic,SKU00091,Beverages Product 00091,Grocery,Beverages,Brand_18,47,14,19,31.3,Maintain,Normal,0,synthetic,Recommendation requires real constraints and human approval before operational use.
2026-05-25,ST005,Atlantic,SKU00006,Paper Goods Product 00006,Household,Paper Goods,Brand_08,46,9,17,49.5,Reduce / Review,Low,0,synthetic,Recommendation requires real constraints and human approval before operational use.
2026-05-25,ST005,Atlantic,SKU00017,Snacks Product 00017,Grocery,Snacks,Brand_08,13,4,5,36.4,Maintain,Normal,0,synthetic,Recommendation requires real constraints and human approval before operational use.
2026-05-25,ST005,Atlantic,SKU00124,Pantry Product 00124,Grocery,Pantry,Brand_17,30,6,13,42.0,Maintain,Normal,0,synthetic,Recommendation requires real constraints and human approval before operational use.
2026-05-25,ST005,Atlantic,SKU00009,Oral Care Product 00009,Health_Beauty,Oral Care,Brand_09,3,1,3,14.0,Maintain,Normal,0,synthetic,Recommendation requires real constraints and human approval before operational use.
2026-05-25,ST005,Atlantic,SKU00001,Beverages Product 00001,Grocery,Beverages,Brand_12,33,9,12,31.9,Maintain,Normal,0,synthetic,Recommendation requires real constraints and human approval before operational use.
2026-05-25,ST005,Atlantic,SKU00014,Holiday Product 00014,Seasonal,Holiday,Brand_06,25,8,8,33.3,Maintain,Normal,0,synthetic,Recommendation requires real constraints and human approval before operational use.
2026-05-25,ST005,Atlantic,SKU00034,Pantry Product 00034,Grocery,Pantry,Brand_13,12,13,29,8.6,Reorder,Medium,1,synthetic,Recommendation requires real constraints and human approval before operational use.
2026-05-25,ST005,Atlantic,SKU00075,Garden Product 00075,Seasonal,Garden,Brand_14,3,17,15,3.8,Reorder,Medium,1,synthetic,Recommendation requires real constraints and human approval before operational use.
2026-05-25,ST005,Atlantic,SKU00048,Dairy Product 00048,Grocery,Dairy,Brand_10,3,6,10,5.6,Reorder,Medium,1,synthetic,Recommendation requires real constraints and human approval before operational use.
2026-05-25,ST005,Atlantic,SKU00049,Pantry Product 00049,Grocery,Pantry,Brand_02,28,1,9,30.2,Maintain,Normal,0,synthetic,Recommendation requires real constraints and human approval before operational use.
2026-05-25,ST005,Atlantic,SKU00050,Cleaning Product 00050,Household,Cleaning,Brand_03,20,4,6,70.0,Reduce / Review,Low,0,synthetic,Recommendation requires real constraints and human approval before operational use.
2026-05-25,ST005,Atlantic,SKU00005,Cleaning Product 00005,Household,Cleaning,Brand_06,21,8,9,39.2,Maintain,Normal,0,synthetic,Recommendation requires real constraints and human approval before operational use.
2026-05-25,ST005,Atlantic,SKU00055,Skin Care Product 00055,Health_Beauty,Skin Care,Brand_03,13,1,6,24.3,Maintain,Normal,0,synthetic,Recommendation requires real constraints and human approval before operational use.
2026-05-25,ST005,Atlantic,SKU00102,Small Devices Product 00102,Electronics,Small Devices,Brand_13,8,11,13,13.2,Maintain,Normal,0,synthetic,Recommendation requires real constraints and human approval before operational use.
2026-05-25,ST005,Atlantic,SKU00023,Personal Care Product 00023,Health_Beauty,Personal Care,Brand_12,26,7,14,22.8,Maintain,Normal,0,synthetic,Recommendation requires real constraints and human approval before operational use.
2026-05-25,ST005,Atlantic,SKU00077,Snacks Product 00077,Grocery,Snacks,Brand_20,30,3,13,56.0,Reduce / Review,Low,0,synthetic,Recommendation requires real constraints and human approval before operational use.
2026-05-25,ST005,Atlantic,SKU00029,Holiday Product 00029,Seasonal,Holiday,Brand_18,5,3,3,28.0,Maintain,Normal,0,synthetic,Recommendation requires real constraints and human approval before operational use.
2026-05-25,ST005,Atlantic,SKU00142,Laundry Product 00142,Household,Laundry,Brand_09,37,18,16,47.1,Reduce / Review,Low,0,synthetic,Recommendation requires real constraints and human approval before operational use.
2026-05-25,ST005,Atlantic,SKU00134,Holiday Product 00134,Seasonal,Holiday,Brand_11,7,2,3,49.0,Reduce / Review,Low,0,synthetic,Recommendation requires real constraints and human approval before operational use.
2026-05-25,ST005,Atlantic,SKU00103,Outdoor Product 00103,Seasonal,Outdoor,Brand_18,14,10,9,30.2,Maintain,Normal,0,synthetic,Recommendation requires real constraints and human approval before operational use.
2026-05-25,ST005,Atlantic,SKU00051,Paper Goods Product 00051,Household,Paper Goods,Brand_06,8,8,7,18.7,Maintain,Normal,0,synthetic,Recommendation requires real constraints and human approval before operational use.
2026-05-25,ST005,Atlantic,SKU00010,Skin Care Product 00010,Health_Beauty,Skin Care,Brand_02,42,2,21,45.2,Reduce / Review,Low,0,synthetic,Recommendation requires real constraints and human approval before operational use.
2026-05-25,ST005,Atlantic,SKU00120,Garden Product 00120,Seasonal,Garden,Brand_08,87,2,39,48.7,Reduce / Review,Low,0,synthetic,Recommendation requires real constraints and human approval before operational use.
2026-05-25,ST005,Atlantic,SKU00113,Personal Care Product 00113,Health_Beauty,Personal Care,Brand_06,9,3,3,36.0,Maintain,Normal,0,synthetic,Recommendation requires real constraints and human approval before operational use.
2026-05-25,ST005,Atlantic,SKU00058,Outdoor Product 00058,Seasonal,Outdoor,Brand_18,6,6,17,4.2,Reorder,Medium,1,synthetic,Recommendation requires real constraints and human approval before operational use.
2026-05-25,ST005,Atlantic,SKU00122,Snacks Product 00122,Grocery,Snacks,Brand_03,17,3,5,59.5,Reduce / Review,Low,0,synthetic,Recommendation requires real constraints and human approval before operational use.
2026-05-25,ST005,Atlantic,SKU00046,Beverages Product 00046,Grocery,Beverages,Brand_15,11,3,4,51.3,Reduce / Review,Low,0,synthetic,Recommendation requires real constraints and human approval before operational use.
2026-05-25,ST005,Atlantic,SKU00126,Paper Goods Product 00126,Household,Paper Goods,Brand_16,1,13,12,1.0,Reorder,Medium,1,synthetic,Recommendation requires real constraints and human approval before operational use.
2026-05-25,ST005,Atlantic,SKU00123,Dairy Product 00123,Grocery,Dairy,Brand_24,9,13,14,12.0,Maintain,Normal,0,synthetic,Recommendation requires real constraints and human approval before operational use.
2026-05-25,ST005,Atlantic,SKU00095,Cleaning Product 00095,Household,Cleaning,Brand_04,1,4,8,2.0,Reorder,Medium,1,synthetic,Recommendation requires real constraints and human approval before operational use.
2026-05-25,ST005,Atlantic,SKU00138,Dairy Product 00138,Grocery,Dairy,Brand_09,26,27,40,12.6,Reorder,Medium,1,synthetic,Recommendation requires real constraints and human approval before operational use.
2026-05-25,ST005,Atlantic,SKU00060,Garden Product 00060,Seasonal,Garden,Brand_05,13,2,4,60.7,Reduce / Review,Low,0,synthetic,Recommendation requires real constraints and human approval before operational use.
2026-05-25,ST005,Atlantic,SKU00052,Laundry Product 00052,Household,Laundry,Brand_22,9,0,3,90.0,Reduce / Review,Low,0,synthetic,Recommendation requires real constraints and human approval before operational use.
2026-05-25,ST005,Atlantic,SKU00078,Dairy Product 00078,Grocery,Dairy,Brand_06,15,2,6,42.0,Maintain,Normal,0,synthetic,Recommendation requires real constraints and human approval before operational use.
2026-05-25,ST005,Atlantic,SKU00031,Beverages Product 00031,Grocery,Beverages,Brand_09,45,7,17,45.0,Maintain,Normal,0,synthetic,Recommendation requires real constraints and human approval before operational use.
2026-05-25,ST005,Atlantic,SKU00057,Small Devices Product 00057,Electronics,Small Devices,Brand_11,34,1,11,43.3,Maintain,Normal,0,synthetic,Recommendation requires real constraints and human approval before operational use.
2026-05-25,ST005,Atlantic,SKU00038,Personal Care Product 00038,Health_Beauty,Personal Care,Brand_18,5,1,3,23.3,Maintain,Normal,0,synthetic,Recommendation requires real constraints and human approval before operational use.
2026-05-25,ST005,Atlantic,SKU00144,Oral Care Product 00144,Health_Beauty,Oral Care,Brand_09,1,1,3,5.6,Maintain,Normal,0,synthetic,Recommendation requires real constraints and human approval before operational use.
2026-05-25,ST006,West,SKU00060,Garden Product 00060,Seasonal,Garden,Brand_05,10,6,8,21.5,Maintain,Normal,0,synthetic,Recommendation requires real constraints and human approval before operational use.
2026-05-25,ST006,West,SKU00073,Outdoor Product 00073,Seasonal,Outdoor,Brand_20,4,1,4,14.0,Maintain,Normal,0,synthetic,Recommendation requires real constraints and human approval before operational use.
2026-05-25,ST006,West,SKU00106,Beverages Product 00106,Grocery,Beverages,Brand_25,1,5,5,2.8,Maintain,Normal,0,synthetic,Recommendation requires real constraints and human approval before operational use.
2026-05-25,ST006,West,SKU00142,Laundry Product 00142,Household,Laundry,Brand_09,22,10,16,26.8,Maintain,Normal,0,synthetic,Recommendation requires real constraints and human approval before operational use.
2026-05-25,ST006,West,SKU00031,Beverages Product 00031,Grocery,Beverages,Brand_09,74,20,32,44.1,Maintain,Normal,0,synthetic,Recommendation requires real constraints and human approval before operational use.
2026-05-25,ST006,West,SKU00047,Snacks Product 00047,Grocery,Snacks,Brand_16,10,1,3,56.0,Reduce / Review,Low,0,synthetic,Recommendation requires real constraints and human approval before operational use.
2026-05-25,ST006,West,SKU00105,Garden Product 00105,Seasonal,Garden,Brand_13,43,23,24,36.5,Maintain,Normal,0,synthetic,Recommendation requires real constraints and human approval before operational use.
2026-05-25,ST006,West,SKU00025,Skin Care Product 00025,Health_Beauty,Skin Care,Brand_21,2,1,8,4.7,Reorder,Medium,1,synthetic,Recommendation requires real constraints and human approval before operational use.
2026-05-25,ST006,West,SKU00146,Accessories Product 00146,Electronics,Accessories,Brand_19,3,2,4,10.5,Maintain,Normal,0,synthetic,Recommendation requires real constraints and human approval before operational use.
2026-05-25,ST006,West,SKU00042,Small Devices Product 00042,Electronics,Small Devices,Brand_23,59,3,41,30.6,Maintain,Normal,0,synthetic,Recommendation requires real constraints and human approval before operational use.
2026-05-25,ST006,West,SKU00084,Oral Care Product 00084,Health_Beauty,Oral Care,Brand_02,1,7,6,4.0,Maintain,Normal,0,synthetic,Recommendation requires real constraints and human approval before operational use.
2026-05-25,ST006,West,SKU00010,Skin Care Product 00010,Health_Beauty,Skin Care,Brand_02,15,13,16,19.1,Maintain,Normal,0,synthetic,Recommendation requires real constraints and human approval before operational use.
2026-05-25,ST006,West,SKU00091,Beverages Product 00091,Grocery,Beverages,Brand_18,13,17,19,8.1,Reorder,Medium,1,synthetic,Recommendation requires real constraints and human approval before operational use.
2026-05-25,ST006,West,SKU00136,Beverages Product 00136,Grocery,Beverages,Brand_12,10,3,3,70.0,Reduce / Review,Low,0,synthetic,Recommendation requires real constraints and human approval before operational use.
2026-05-25,ST006,West,SKU00123,Dairy Product 00123,Grocery,Dairy,Brand_24,79,25,24,58.2,Reduce / Review,Low,0,synthetic,Recommendation requires real constraints and human approval before operational use.
2026-05-25,ST006,West,SKU00016,Beverages Product 00016,Grocery,Beverages,Brand_07,16,2,5,40.7,Maintain,Normal,0,synthetic,Recommendation requires real constraints and human approval before operational use.
2026-05-25,ST006,West,SKU00129,Oral Care Product 00129,Health_Beauty,Oral Care,Brand_21,9,3,3,63.0,Reduce / Review,Low,0,synthetic,Recommendation requires real constraints and human approval before operational use.
2026-05-25,ST006,West,SKU00147,Small Devices Product 00147,Electronics,Small Devices,Brand_26,43,9,18,23.2,Maintain,Normal,0,synthetic,Recommendation requires real constraints and human approval before operational use.
2026-05-25,ST006,West,SKU00098,Personal Care Product 00098,Health_Beauty,Personal Care,Brand_20,15,6,13,15.0,Maintain,Normal,0,synthetic,Recommendation requires real constraints and human approval before operational use.
2026-05-25,ST006,West,SKU00137,Snacks Product 00137,Grocery,Snacks,Brand_08,1,2,3,4.7,Maintain,Normal,0,synthetic,Recommendation requires real constraints and human approval before operational use.
2026-05-25,ST006,West,SKU00094,Pantry Product 00094,Grocery,Pantry,Brand_20,7,11,17,6.5,Reorder,Medium,1,synthetic,Recommendation requires real constraints and human approval before operational use.
2026-05-25,ST006,West,SKU00012,Small Devices Product 00012,Electronics,Small Devices,Brand_15,7,3,3,49.0,Reduce / Review,Low,0,synthetic,Recommendation requires real constraints and human approval before operational use.
2026-05-25,ST006,West,SKU00054,Oral Care Product 00054,Health_Beauty,Oral Care,Brand_22,1,1,3,4.0,Maintain,Normal,0,synthetic,Recommendation requires real constraints and human approval before operational use.
2026-05-25,ST006,West,SKU00034,Pantry Product 00034,Grocery,Pantry,Brand_13,64,26,40,32.0,Maintain,Normal,0,synthetic,Recommendation requires real constraints and human approval before operational use.
2026-05-25,ST006,West,SKU00119,Holiday Product 00119,Seasonal,Holiday,Brand_15,22,4,7,61.6,Reduce / Review,Low,0,synthetic,Recommendation requires real constraints and human approval before operational use.
2026-05-25,ST006,West,SKU00074,Holiday Product 00074,Seasonal,Holiday,Brand_17,4,3,3,28.0,Maintain,Normal,0,synthetic,Recommendation requires real constraints and human approval before operational use.
2026-05-25,ST006,West,SKU00110,Cleaning Product 00110,Household,Cleaning,Brand_08,23,5,9,46.0,Reduce / Review,Low,0,synthetic,Recommendation requires real constraints and human approval before operational use.
2026-05-25,ST006,West,SKU00020,Cleaning Product 00020,Household,Cleaning,Brand_16,3,1,3,9.3,Maintain,Normal,0,synthetic,Recommendation requires real constraints and human approval before operational use.
2026-05-25,ST006,West,SKU00008,Personal Care Product 00008,Health_Beauty,Personal Care,Brand_02,26,40,47,9.6,Reorder,Medium,1,synthetic,Recommendation requires real constraints and human approval before operational use.
2026-05-25,ST006,West,SKU00076,Beverages Product 00076,Grocery,Beverages,Brand_02,3,2,6,3.8,Maintain,Normal,0,synthetic,Recommendation requires real constraints and human approval before operational use.
2026-05-25,ST006,West,SKU00051,Paper Goods Product 00051,Household,Paper Goods,Brand_06,4,2,3,22.4,Maintain,Normal,0,synthetic,Recommendation requires real constraints and human approval before operational use.
2026-05-25,ST006,West,SKU00032,Snacks Product 00032,Grocery,Snacks,Brand_12,24,15,16,23.2,Maintain,Normal,0,synthetic,Recommendation requires real constraints and human approval before operational use.
2026-05-25,ST006,West,SKU00022,Laundry Product 00022,Household,Laundry,Brand_13,4,1,3,37.3,Maintain,Normal,0,synthetic,Recommendation requires real constraints and human approval before operational use.
2026-05-25,ST006,West,SKU00102,Small Devices Product 00102,Electronics,Small Devices,Brand_13,32,19,18,34.5,Maintain,Normal,0,synthetic,Recommendation requires real constraints and human approval before operational use.
2026-05-25,ST006,West,SKU00092,Snacks Product 00092,Grocery,Snacks,Brand_01,8,5,7,11.8,Maintain,Normal,0,synthetic,Recommendation requires real constraints and human approval before operational use.
2026-05-25,ST006,West,SKU00150,Garden Product 00150,Seasonal,Garden,Brand_19,1,0,3,4.7,Maintain,Normal,0,synthetic,Recommendation requires real constraints and human approval before operational use.
2026-05-25,ST006,West,SKU00027,Small Devices Product 00027,Electronics,Small Devices,Brand_10,40,12,13,38.6,Maintain,Normal,0,synthetic,Recommendation requires real constraints and human approval before operational use.
2026-05-25,ST006,West,SKU00004,Pantry Product 00004,Grocery,Pantry,Brand_20,19,3,6,66.5,Reduce / Review,Low,0,synthetic,Recommendation requires real constraints and human approval before operational use.
2026-05-25,ST006,West,SKU00045,Garden Product 00045,Seasonal,Garden,Brand_11,17,7,6,39.7,Maintain,Normal,0,synthetic,Recommendation requires real constraints and human approval before operational use.
2026-05-25,ST006,West,SKU00113,Personal Care Product 00113,Health_Beauty,Personal Care,Brand_06,7,1,3,32.7,Maintain,Normal,0,synthetic,Recommendation requires real constraints and human approval before operational use.
2026-05-25,ST006,West,SKU00132,Small Devices Product 00132,Electronics,Small Devices,Brand_24,13,6,6,40.4,Maintain,Normal,0,synthetic,Recommendation requires real constraints and human approval before operational use.
2026-05-25,ST006,West,SKU00015,Garden Product 00015,Seasonal,Garden,Brand_22,18,13,11,31.5,Maintain,Normal,0,synthetic,Recommendation requires real constraints and human approval before operational use.
2026-05-25,ST006,West,SKU00087,Small Devices Product 00087,Electronics,Small Devices,Brand_26,52,6,22,44.1,Maintain,Normal,0,synthetic,Recommendation requires real constraints and human approval before operational use.
2026-05-25,ST006,West,SKU00003,Dairy Product 00003,Grocery,Dairy,Brand_09,12,2,6,19.8,Maintain,Normal,0,synthetic,Recommendation requires real constraints and human approval before operational use.
2026-05-25,ST006,West,SKU00030,Garden Product 00030,Seasonal,Garden,Brand_22,64,9,22,47.2,Reduce / Review,Low,0,synthetic,Recommendation requires real constraints and human approval before operational use.
2026-05-25,ST006,West,SKU00145,Skin Care Product 00145,Health_Beauty,Skin Care,Brand_07,10,3,3,56.0,Reduce / Review,Low,0,synthetic,Recommendation requires real constraints and human approval before operational use.
2026-05-25,ST006,West,SKU00148,Outdoor Product 00148,Seasonal,Outdoor,Brand_27,43,16,24,20.1,Maintain,Normal,0,synthetic,Recommendation requires real constraints and human approval before operational use.
2026-05-25,ST006,West,SKU00096,Paper Goods Product 00096,Household,Paper Goods,Brand_06,2,0,3,11.2,Maintain,Normal,0,synthetic,Recommendation requires real constraints and human approval before operational use.
2026-05-25,ST006,West,SKU00141,Paper Goods Product 00141,Household,Paper Goods,Brand_08,10,1,3,46.7,Reduce / Review,Low,0,synthetic,Recommendation requires real constraints and human approval before operational use.
2026-05-25,ST006,West,SKU00121,Beverages Product 00121,Grocery,Beverages,Brand_05,6,1,6,18.7,Maintain,Normal,0,synthetic,Recommendation requires real constraints and human approval before operational use.
2026-05-25,ST006,West,SKU00013,Outdoor Product 00013,Seasonal,Outdoor,Brand_19,4,9,18,4.1,Reorder,Medium,1,synthetic,Recommendation requires real constraints and human approval before operational use.
2026-05-25,ST006,West,SKU00139,Pantry Product 00139,Grocery,Pantry,Brand_22,85,13,32,46.7,Reduce / Review,Low,0,synthetic,Recommendation requires real constraints and human approval before operational use.
2026-05-25,ST006,West,SKU00002,Snacks Product 00002,Grocery,Snacks,Brand_09,58,9,22,22.2,Maintain,Normal,0,synthetic,Recommendation requires real constraints and human approval before operational use.
2026-05-25,ST006,West,SKU00041,Accessories Product 00041,Electronics,Accessories,Brand_01,6,2,3,33.6,Maintain,Normal,0,synthetic,Recommendation requires real constraints and human approval before operational use.
2026-05-25,ST006,West,SKU00061,Beverages Product 00061,Grocery,Beverages,Brand_10,11,21,20,7.0,Reorder,Medium,1,synthetic,Recommendation requires real constraints and human approval before operational use.
2026-05-25,ST006,West,SKU00138,Dairy Product 00138,Grocery,Dairy,Brand_09,127,16,48,50.8,Reduce / Review,Low,0,synthetic,Recommendation requires real constraints and human approval before operational use.
2026-05-25,ST006,West,SKU00026,Accessories Product 00026,Electronics,Accessories,Brand_16,46,10,26,22.2,Maintain,Normal,0,synthetic,Recommendation requires real constraints and human approval before operational use.
2026-05-25,ST006,West,SKU00038,Personal Care Product 00038,Health_Beauty,Personal Care,Brand_18,2,1,3,14.0,Maintain,Normal,0,synthetic,Recommendation requires real constraints and human approval before operational use.
2026-05-25,ST006,West,SKU00005,Cleaning Product 00005,Household,Cleaning,Brand_06,31,10,11,32.1,Maintain,Normal,0,synthetic,Recommendation requires real constraints and human approval before operational use.
2026-05-25,ST006,West,SKU00143,Personal Care Product 00143,Health_Beauty,Personal Care,Brand_15,3,1,6,10.5,Maintain,Normal,0,synthetic,Recommendation requires real constraints and human approval before operational use.
2026-05-25,ST006,West,SKU00065,Cleaning Product 00065,Household,Cleaning,Brand_22,42,4,18,31.8,Maintain,Normal,0,synthetic,Recommendation requires real constraints and human approval before operational use.
2026-05-25,ST006,West,SKU00055,Skin Care Product 00055,Health_Beauty,Skin Care,Brand_03,21,9,10,28.0,Maintain,Normal,0,synthetic,Recommendation requires real constraints and human approval before operational use.
2026-05-25,ST006,West,SKU00078,Dairy Product 00078,Grocery,Dairy,Brand_06,13,1,5,52.0,Reduce / Review,Low,0,synthetic,Recommendation requires real constraints and human approval before operational use.
2026-05-25,ST006,West,SKU00048,Dairy Product 00048,Grocery,Dairy,Brand_10,35,12,17,40.8,Maintain,Normal,0,synthetic,Recommendation requires real constraints and human approval before operational use.
2026-05-25,ST006,West,SKU00007,Laundry Product 00007,Household,Laundry,Brand_16,6,5,5,11.2,Maintain,Normal,0,synthetic,Recommendation requires real constraints and human approval before operational use.
2026-05-25,ST006,West,SKU00111,Paper Goods Product 00111,Household,Paper Goods,Brand_15,1,2,4,4.0,Maintain,Normal,0,synthetic,Recommendation requires real constraints and human approval before operational use.
2026-05-25,ST006,West,SKU00125,Cleaning Product 00125,Household,Cleaning,Brand_22,21,12,15,19.6,Maintain,Normal,0,synthetic,Recommendation requires real constraints and human approval before operational use.
2026-05-25,ST006,West,SKU00018,Dairy Product 00018,Grocery,Dairy,Brand_25,12,3,7,25.8,Maintain,Normal,0,synthetic,Recommendation requires real constraints and human approval before operational use.
2026-05-25,ST006,West,SKU00039,Oral Care Product 00039,Health_Beauty,Oral Care,Brand_15,28,6,10,60.3,Reduce / Review,Low,0,synthetic,Recommendation requires real constraints and human approval before operational use.
2026-05-25,ST006,West,SKU00050,Cleaning Product 00050,Household,Cleaning,Brand_03,5,3,9,10.8,Maintain,Normal,0,synthetic,Recommendation requires real constraints and human approval before operational use.
2026-05-25,ST006,West,SKU00019,Pantry Product 00019,Grocery,Pantry,Brand_01,29,8,20,32.5,Maintain,Normal,0,synthetic,Recommendation requires real constraints and human approval before operational use.
2026-05-25,ST006,West,SKU00079,Pantry Product 00079,Grocery,Pantry,Brand_23,13,0,4,72.8,Reduce / Review,Low,0,synthetic,Recommendation requires real constraints and human approval before operational use.
2026-05-25,ST006,West,SKU00069,Oral Care Product 00069,Health_Beauty,Oral Care,Brand_08,3,14,18,3.5,Reorder,Medium,1,synthetic,Recommendation requires real constraints and human approval before operational use.
2026-05-25,ST006,West,SKU00046,Beverages Product 00046,Grocery,Beverages,Brand_15,12,7,6,33.6,Maintain,Normal,0,synthetic,Recommendation requires real constraints and human approval before operational use.
2026-05-25,ST006,West,SKU00103,Outdoor Product 00103,Seasonal,Outdoor,Brand_18,0,2,4,0.0,Urgent Reorder,High,1,synthetic,Recommendation requires real constraints and human approval before operational use.
2026-05-25,ST007,Prairie,SKU00075,Garden Product 00075,Seasonal,Garden,Brand_14,32,14,16,49.8,Reduce / Review,Low,0,synthetic,Recommendation requires real constraints and human approval before operational use.
2026-05-25,ST007,Prairie,SKU00042,Small Devices Product 00042,Electronics,Small Devices,Brand_23,26,0,25,18.7,Maintain,Normal,0,synthetic,Recommendation requires real constraints and human approval before operational use.
2026-05-25,ST007,Prairie,SKU00022,Laundry Product 00022,Household,Laundry,Brand_13,9,0,3,90.0,Reduce / Review,Low,0,synthetic,Recommendation requires real constraints and human approval before operational use.
2026-05-25,ST007,Prairie,SKU00009,Oral Care Product 00009,Health_Beauty,Oral Care,Brand_09,4,3,5,14.0,Maintain,Normal,0,synthetic,Recommendation requires real constraints and human approval before operational use.
2026-05-25,ST007,Prairie,SKU00040,Skin Care Product 00040,Health_Beauty,Skin Care,Brand_13,2,1,4,7.0,Maintain,Normal,0,synthetic,Recommendation requires real constraints and human approval before operational use.
2026-05-25,ST007,Prairie,SKU00061,Beverages Product 00061,Grocery,Beverages,Brand_10,16,1,14,19.5,Maintain,Normal,0,synthetic,Recommendation requires real constraints and human approval before operational use.
2026-05-25,ST007,Prairie,SKU00130,Skin Care Product 00130,Health_Beauty,Skin Care,Brand_23,6,9,9,11.2,Maintain,Normal,0,synthetic,Recommendation requires real constraints and human approval before operational use.
2026-05-25,ST007,Prairie,SKU00150,Garden Product 00150,Seasonal,Garden,Brand_19,2,1,3,8.0,Maintain,Normal,0,synthetic,Recommendation requires real constraints and human approval before operational use.
2026-05-25,ST007,Prairie,SKU00083,Personal Care Product 00083,Health_Beauty,Personal Care,Brand_06,4,0,3,28.0,Maintain,Normal,0,synthetic,Recommendation requires real constraints and human approval before operational use.
2026-05-25,ST007,Prairie,SKU00134,Holiday Product 00134,Seasonal,Holiday,Brand_11,23,7,7,53.7,Reduce / Review,Low,0,synthetic,Recommendation requires real constraints and human approval before operational use.
2026-05-25,ST007,Prairie,SKU00038,Personal Care Product 00038,Health_Beauty,Personal Care,Brand_18,7,2,3,65.3,Reduce / Review,Low,0,synthetic,Recommendation requires real constraints and human approval before operational use.
2026-05-25,ST007,Prairie,SKU00057,Small Devices Product 00057,Electronics,Small Devices,Brand_11,10,0,11,14.7,Maintain,Normal,0,synthetic,Recommendation requires real constraints and human approval before operational use.
2026-05-25,ST007,Prairie,SKU00054,Oral Care Product 00054,Health_Beauty,Oral Care,Brand_22,10,4,4,28.0,Maintain,Normal,0,synthetic,Recommendation requires real constraints and human approval before operational use.
2026-05-25,ST007,Prairie,SKU00073,Outdoor Product 00073,Seasonal,Outdoor,Brand_20,1,5,5,3.5,Maintain,Normal,0,synthetic,Recommendation requires real constraints and human approval before operational use.
2026-05-25,ST007,Prairie,SKU00050,Cleaning Product 00050,Household,Cleaning,Brand_03,13,6,6,40.4,Maintain,Normal,0,synthetic,Recommendation requires real constraints and human approval before operational use.
2026-05-25,ST007,Prairie,SKU00087,Small Devices Product 00087,Electronics,Small Devices,Brand_26,49,5,15,72.2,Reduce / Review,Low,0,synthetic,Recommendation requires real constraints and human approval before operational use.
2026-05-25,ST007,Prairie,SKU00135,Garden Product 00135,Seasonal,Garden,Brand_04,2,1,3,18.7,Maintain,Normal,0,synthetic,Recommendation requires real constraints and human approval before operational use.
2026-05-25,ST007,Prairie,SKU00108,Dairy Product 00108,Grocery,Dairy,Brand_01,60,12,31,35.7,Maintain,Normal,0,synthetic,Recommendation requires real constraints and human approval before operational use.
2026-05-25,ST007,Prairie,SKU00105,Garden Product 00105,Seasonal,Garden,Brand_13,15,0,7,42.0,Maintain,Normal,0,synthetic,Recommendation requires real constraints and human approval before operational use.
2026-05-25,ST007,Prairie,SKU00023,Personal Care Product 00023,Health_Beauty,Personal Care,Brand_12,11,0,7,11.0,Maintain,Normal,0,synthetic,Recommendation requires real constraints and human approval before operational use.
2026-05-25,ST007,Prairie,SKU00132,Small Devices Product 00132,Electronics,Small Devices,Brand_24,17,3,6,52.9,Reduce / Review,Low,0,synthetic,Recommendation requires real constraints and human approval before operational use.
2026-05-25,ST007,Prairie,SKU00066,Paper Goods Product 00066,Household,Paper Goods,Brand_20,9,0,3,90.0,Reduce / Review,Low,0,synthetic,Recommendation requires real constraints and human approval before operational use.
2026-05-25,ST007,Prairie,SKU00026,Accessories Product 00026,Electronics,Accessories,Brand_16,8,0,15,8.3,Reorder,Medium,1,synthetic,Recommendation requires real constraints and human approval before operational use.
2026-05-25,ST007,Prairie,SKU00065,Cleaning Product 00065,Household,Cleaning,Brand_22,37,12,13,51.8,Reduce / Review,Low,0,synthetic,Recommendation requires real constraints and human approval before operational use.
2026-05-25,ST007,Prairie,SKU00086,Accessories Product 00086,Electronics,Accessories,Brand_27,1,3,3,4.0,Maintain,Normal,0,synthetic,Recommendation requires real constraints and human approval before operational use.
2026-05-25,ST007,Prairie,SKU00036,Paper Goods Product 00036,Household,Paper Goods,Brand_25,6,5,6,12.9,Maintain,Normal,0,synthetic,Recommendation requires real constraints and human approval before operational use.
2026-05-25,ST007,Prairie,SKU00091,Beverages Product 00091,Grocery,Beverages,Brand_18,45,8,14,35.0,Maintain,Normal,0,synthetic,Recommendation requires real constraints and human approval before operational use.
2026-05-25,ST007,Prairie,SKU00137,Snacks Product 00137,Grocery,Snacks,Brand_08,2,3,3,9.3,Maintain,Normal,0,synthetic,Recommendation requires real constraints and human approval before operational use.
2026-05-25,ST007,Prairie,SKU00131,Accessories Product 00131,Electronics,Accessories,Brand_05,5,7,6,8.8,Maintain,Normal,0,synthetic,Recommendation requires real constraints and human approval before operational use.
2026-05-25,ST007,Prairie,SKU00015,Garden Product 00015,Seasonal,Garden,Brand_22,9,0,5,28.0,Maintain,Normal,0,synthetic,Recommendation requires real constraints and human approval before operational use.
2026-05-25,ST007,Prairie,SKU00143,Personal Care Product 00143,Health_Beauty,Personal Care,Brand_15,8,2,3,74.7,Reduce / Review,Low,0,synthetic,Recommendation requires real constraints and human approval before operational use.
2026-05-25,ST007,Prairie,SKU00103,Outdoor Product 00103,Seasonal,Outdoor,Brand_18,8,3,7,22.4,Maintain,Normal,0,synthetic,Recommendation requires real constraints and human approval before operational use.
2026-05-25,ST007,Prairie,SKU00062,Snacks Product 00062,Grocery,Snacks,Brand_16,1,2,3,7.0,Maintain,Normal,0,synthetic,Recommendation requires real constraints and human approval before operational use.
2026-05-25,ST007,Prairie,SKU00067,Laundry Product 00067,Household,Laundry,Brand_19,23,7,7,64.4,Reduce / Review,Low,0,synthetic,Recommendation requires real constraints and human approval before operational use.
2026-05-25,ST007,Prairie,SKU00098,Personal Care Product 00098,Health_Beauty,Personal Care,Brand_20,5,4,6,8.8,Maintain,Normal,0,synthetic,Recommendation requires real constraints and human approval before operational use.
2026-05-25,ST007,Prairie,SKU00101,Accessories Product 00101,Electronics,Accessories,Brand_14,3,14,13,4.0,Reorder,Medium,1,synthetic,Recommendation requires real constraints and human approval before operational use.
2026-05-25,ST007,Prairie,SKU00147,Small Devices Product 00147,Electronics,Small Devices,Brand_26,15,0,7,20.0,Maintain,Normal,0,synthetic,Recommendation requires real constraints and human approval before operational use.
2026-05-25,ST007,Prairie,SKU00149,Holiday Product 00149,Seasonal,Holiday,Brand_24,6,1,3,56.0,Reduce / Review,Low,0,synthetic,Recommendation requires real constraints and human approval before operational use.
2026-05-25,ST007,Prairie,SKU00082,Laundry Product 00082,Household,Laundry,Brand_16,9,14,12,15.8,Maintain,Normal,0,synthetic,Recommendation requires real constraints and human approval before operational use.
2026-05-25,ST007,Prairie,SKU00138,Dairy Product 00138,Grocery,Dairy,Brand_09,83,31,28,68.4,Reduce / Review,Low,0,synthetic,Recommendation requires real constraints and human approval before operational use.
2026-05-25,ST007,Prairie,SKU00141,Paper Goods Product 00141,Household,Paper Goods,Brand_08,12,1,4,42.0,Maintain,Normal,0,synthetic,Recommendation requires real constraints and human approval before operational use.
2026-05-25,ST007,Prairie,SKU00069,Oral Care Product 00069,Health_Beauty,Oral Care,Brand_08,3,5,10,5.6,Reorder,Medium,1,synthetic,Recommendation requires real constraints and human approval before operational use.
2026-05-25,ST007,Prairie,SKU00085,Skin Care Product 00085,Health_Beauty,Skin Care,Brand_21,23,3,7,71.6,Reduce / Review,Low,0,synthetic,Recommendation requires real constraints and human approval before operational use.
2026-05-25,ST007,Prairie,SKU00124,Pantry Product 00124,Grocery,Pantry,Brand_17,20,13,12,43.1,Maintain,Normal,0,synthetic,Recommendation requires real constraints and human approval before operational use.
2026-05-25,ST007,Prairie,SKU00093,Dairy Product 00093,Grocery,Dairy,Brand_17,13,3,5,40.4,Maintain,Normal,0,synthetic,Recommendation requires real constraints and human approval before operational use.
2026-05-25,ST007,Prairie,SKU00037,Laundry Product 00037,Household,Laundry,Brand_06,1,3,4,2.5,Maintain,Normal,0,synthetic,Recommendation requires real constraints and human approval before operational use.
2026-05-25,ST007,Prairie,SKU00011,Accessories Product 00011,Electronics,Accessories,Brand_05,9,2,5,28.0,Maintain,Normal,0,synthetic,Recommendation requires real constraints and human approval before operational use.
2026-05-25,ST007,Prairie,SKU00008,Personal Care Product 00008,Health_Beauty,Personal Care,Brand_02,12,4,20,8.8,Reorder,Medium,1,synthetic,Recommendation requires real constraints and human approval before operational use.
2026-05-25,ST007,Prairie,SKU00071,Accessories Product 00071,Electronics,Accessories,Brand_15,10,1,3,93.3,Reduce / Review,Low,0,synthetic,Recommendation requires real constraints and human approval before operational use.
2026-05-25,ST007,Prairie,SKU00064,Pantry Product 00064,Grocery,Pantry,Brand_19,14,5,5,49.0,Reduce / Review,Low,0,synthetic,Recommendation requires real constraints and human approval before operational use.
